site,wildtype,mutant,effect,times_seen,n_selections
331,N,A,-0.03374,22.5,2
331,N,C,-0.4994,35.5,2
331,N,D,-0.07982,46,2
331,N,E,-0.1228,20,2
331,N,F,-0.08757,46,2
331,N,G,-0.6746,13.5,2
331,N,H,-0.05525,35,2
331,N,I,-0.04586,44.5,2
331,N,K,-0.01702,41.5,2
331,N,L,-0.05811,21.5,2
331,N,M,-0.09292,34,2
331,N,N,0,,2
331,N,P,-0.1428,32,2
331,N,Q,-0.07765,18,2
331,N,R,-0.04703,31,2
331,N,S,-0.1053,65,2
331,N,T,-0.04448,43.5,2
331,N,V,-0.09194,19.5,2
331,N,W,-0.4681,18.5,2
331,N,Y,-0.09307,25.5,2
332,I,A,-0.8189,31.5,2
332,I,C,-0.2732,38,2
332,I,D,-6.046,36.5,2
332,I,E,-0.7972,28.5,2
332,I,F,-0.04541,72,2
332,I,G,-2.393,21.5,2
332,I,H,-0.08244,29,2
332,I,I,0,,2
332,I,K,-0.2786,43.5,2
332,I,L,-0.02184,18.5,2
332,I,M,-0.0317,48,2
332,I,N,-0.0614,70.5,2
332,I,P,-6.396,34.5,2
332,I,Q,-0.128,19,2
332,I,R,-0.00857,21.5,2
332,I,S,-1.728,31,2
332,I,T,-0.04029,60,2
332,I,V,-0.008144,15,2
332,I,W,0.004627,16.5,2
332,I,Y,-0.02973,89,2
333,T,A,-0.05942,32.5,2
333,T,C,-0.6654,29,2
333,T,D,-0.07744,35,2
333,T,E,-0.02532,24,2
333,T,F,-0.3086,37,2
333,T,G,-0.1098,14,2
333,T,H,-0.109,37,2
333,T,I,-0.1899,53,2
333,T,K,-0.02776,34,2
333,T,L,-0.3063,34.5,2
333,T,M,-0.1782,16,2
333,T,N,-0.08246,57.5,2
333,T,P,-0.1124,58,2
333,T,Q,-0.03549,25,2
333,T,R,-0.069,23.5,2
333,T,S,0.004297,48,2
333,T,T,0,,2
333,T,V,-0.1401,10,2
333,T,W,-0.1483,19.5,2
333,T,Y,-0.1186,21,2
334,N,A,-0.01019,28.5,2
334,N,C,-0.1082,17.5,2
334,N,D,0.01227,30,2
334,N,E,-0.001455,17.5,2
334,N,F,-0.09102,30,2
334,N,G,-0.1571,15,2
334,N,H,-0.03885,42,2
334,N,I,-0.02363,21,2
334,N,K,0.001577,21.5,2
334,N,L,-0.128,16.5,2
334,N,M,-0.03407,17,2
334,N,N,0,,2
334,N,P,-0.2253,31.5,2
334,N,Q,-0.009768,23,2
334,N,R,0.01033,18.5,2
334,N,S,-0.00449,40.5,2
334,N,T,-0.02048,51.5,2
334,N,V,-0.05992,14,2
334,N,W,-0.2378,19,2
334,N,Y,-0.1255,34.5,2
335,L,A,-0.06957,12,2
335,L,C,-0.1348,23.5,2
335,L,D,-0.07576,25,2
335,L,E,-0.0569,39,2
335,L,F,-0.009666,40,2
335,L,G,-0.08769,11,2
335,L,H,-0.01817,34,2
335,L,I,0.00231,21,2
335,L,K,-0.01111,38.5,2
335,L,L,0,,2
335,L,M,0.002301,32,2
335,L,N,-0.04236,18.5,2
335,L,P,0.008197,56.5,2
335,L,Q,-0.01347,69,2
335,L,R,-0.006325,24,2
335,L,S,-0.004073,27.5,2
335,L,T,0.01574,25.5,2
335,L,V,-0.03744,31,2
335,L,W,-0.04421,22,2
335,L,Y,-0.05906,30.5,2
336,C,A,-5.606,9,2
336,C,C,0,,2
336,C,D,-6.97,14,2
336,C,E,-6.704,11.5,2
336,C,F,-7.103,48,2
336,C,G,-7.264,18.5,2
336,C,H,-7.336,12,2
336,C,I,-6.546,33.5,2
336,C,K,-6.886,23,2
336,C,L,-3.476,10,2
336,C,M,-7.028,18.5,2
336,C,N,-6.968,26.5,2
336,C,P,-4.319,9,2
336,C,Q,-4.755,13.5,2
336,C,R,-7.155,16.5,2
336,C,S,-6.072,17,2
336,C,T,-4.864,6.5,2
336,C,V,-6.53,12,2
336,C,W,-7.107,24,2
336,C,Y,-7.149,52.5,2
337,P,A,-0.09293,23,2
337,P,C,-0.2742,12.5,2
337,P,D,0.01604,12.5,2
337,P,E,-0.03781,11,2
337,P,F,-0.6339,26,2
337,P,G,-0.01686,7,2
337,P,H,-0.1163,58,2
337,P,I,-0.8073,26.5,2
337,P,K,-0.01841,23.5,2
337,P,L,-0.3143,38.5,2
337,P,M,-0.2896,15.5,2
337,P,N,0.003963,26.5,2
337,P,P,0,,2
337,P,Q,-0.08819,41,2
337,P,R,-0.1012,11,2
337,P,S,-0.05006,17.5,2
337,P,T,-0.1191,45.5,2
337,P,V,-0.2759,10,2
337,P,W,-0.02869,6.5,2
337,P,Y,-0.6349,27,2
338,F,A,-5.052,6.5,2
338,F,C,-6.585,13.5,2
338,F,D,-7.218,6.5,2
338,F,E,-6.861,10.5,2
338,F,F,0,,2
338,F,G,-3.821,7.5,2
338,F,H,-0.009356,1.5,2
338,F,I,-0.003036,18.5,2
338,F,K,-5.527,7,2
338,F,L,0.001682,19,2
338,F,M,-0.1049,18.5,2
338,F,N,-6.583,13.5,2
338,F,P,-3.888,6.5,2
338,F,Q,-6.365,8,2
338,F,R,-3.532,6,2
338,F,S,-2.517,6,2
338,F,T,-0.7985,4.5,2
338,F,V,-0.2953,12.5,2
338,F,W,-0.07196,16,2
338,F,Y,-0.3089,21,2
339,H,*,-0.2685,4,2
339,H,A,0.00713,29,2
339,H,C,-0.2793,42,2
339,H,D,0.001715,38.5,2
339,H,E,-0.02513,40.5,2
339,H,F,-0.0269,38.5,2
339,H,G,0.008626,14,2
339,H,H,0,,2
339,H,I,-0.003327,46.5,2
339,H,K,-0.07774,28,2
339,H,L,0.007817,64,2
339,H,M,0.005229,30.5,2
339,H,N,-0.02247,54,2
339,H,P,-0.05672,68,2
339,H,Q,-0.004178,87,2
339,H,R,-0.02086,40.5,2
339,H,S,-0.008533,40.5,2
339,H,T,-0.04634,58.5,2
339,H,V,0.002698,15.5,2
339,H,W,0.01894,11,2
339,H,Y,-0.03411,65,2
340,E,*,-0.4094,2,1
340,E,A,-0.1131,46,2
340,E,C,-0.9985,14,2
340,E,D,-0.01156,62.5,2
340,E,E,0,,2
340,E,F,-0.3368,40.5,2
340,E,G,-0.1474,43.5,2
340,E,H,-0.08839,26,2
340,E,I,-0.2248,52.5,2
340,E,K,-0.07576,73.5,2
340,E,L,-0.13,31.5,2
340,E,M,-0.1286,33,2
340,E,N,-0.1015,29.5,2
340,E,P,-0.5944,18,2
340,E,Q,-0.04152,43.5,2
340,E,R,-0.2906,24.5,2
340,E,S,-0.0438,24.5,2
340,E,T,-0.04921,14.5,2
340,E,V,-0.1555,55,2
340,E,W,-0.307,34,2
340,E,Y,-0.1885,34,2
341,V,A,-0.4982,35,2
341,V,C,-0.7142,38,2
341,V,D,-2.575,66.5,2
341,V,E,-1.303,84.5,2
341,V,F,-0.2074,32,2
341,V,G,-5.958,38.5,2
341,V,H,-0.6749,34,2
341,V,I,-0.01557,33.5,2
341,V,K,-6.152,32,2
341,V,L,-0.01757,57,2
341,V,M,-0.1404,81,2
341,V,N,-2.675,20.5,2
341,V,P,-3.178,24,2
341,V,Q,-1.036,66,2
341,V,R,-6.853,44,2
341,V,S,-1.103,23,2
341,V,T,-0.2233,30.5,2
341,V,V,0,,2
341,V,W,-0.2297,57,2
341,V,Y,-0.2329,39.5,2
342,F,-,-7.01,22.5,2
342,F,A,-1.107,2,2
342,F,C,-1.375,31,2
342,F,D,-1.873,5.5,2
342,F,E,-4.579,6.5,2
342,F,F,0,,2
342,F,G,-2.689,6,2
342,F,H,-5.232,27,2
342,F,I,-0.2279,83.5,2
342,F,K,-6.103,15.5,2
342,F,L,-0.1389,20,2
342,F,M,-0.06283,12.5,2
342,F,N,-7.196,28.5,2
342,F,P,-5.888,17.5,2
342,F,Q,-6.627,14,2
342,F,R,-3.848,10.5,2
342,F,S,-4.963,23,2
342,F,T,-1.762,15,2
342,F,V,0.01792,3,2
342,F,W,-0.6254,24.5,2
342,F,Y,-1.046,58.5,2
343,N,-,-4.7,15,2
343,N,A,-0.1684,34,2
343,N,C,-2.487,18.5,2
343,N,D,-0.09153,24.5,2
343,N,E,-0.07132,21,2
343,N,F,-0.6695,19.5,2
343,N,G,-0.05849,28,2
343,N,H,-0.09133,32.5,2
343,N,I,-2.098,48.5,2
343,N,K,-0.377,46,2
343,N,L,-1.065,34,2
343,N,M,-0.6861,43.5,2
343,N,N,0,,2
343,N,P,-7.021,14.5,2
343,N,Q,-0.2374,15.5,2
343,N,R,-0.3804,29,2
343,N,S,-0.08197,45.5,2
343,N,T,-0.2701,37.5,2
343,N,V,-1.208,19,2
343,N,W,-2.053,24.5,2
343,N,Y,-0.2173,24,2
344,A,-,-1.445,25,2
344,A,A,0,,2
344,A,C,-0.2094,38,2
344,A,D,-0.09615,54,2
344,A,E,-0.0462,6.5,2
344,A,F,-0.653,30.5,2
344,A,G,-0.1375,51.5,2
344,A,H,-0.1678,27.5,2
344,A,I,-0.2194,33.5,2
344,A,K,-0.00589,6.5,2
344,A,L,-0.1385,3.5,2
344,A,M,-0.08943,4.5,2
344,A,N,-0.06219,39,2
344,A,P,-0.6298,13.5,2
344,A,Q,0.006507,3.5,2
344,A,R,-0.2575,7,2
344,A,S,-0.008027,48.5,2
344,A,T,-0.07024,44.5,2
344,A,V,-0.1269,26,2
344,A,W,-0.9546,7.5,2
344,A,Y,-0.5094,34.5,2
345,T,-,-1.335,92.5,2
345,T,A,-0.02831,52.5,2
345,T,C,-0.624,29,2
345,T,D,-0.1189,32.5,2
345,T,E,-0.04573,14.5,2
345,T,F,-0.3505,51.5,2
345,T,G,-0.09915,25.5,2
345,T,H,-0.06168,44,2
345,T,I,-0.3178,50,2
345,T,K,-0.04872,32.5,2
345,T,L,-0.3567,19,2
345,T,M,-0.2956,30.5,2
345,T,N,-0.08963,59,2
345,T,P,-0.03683,63,2
345,T,Q,-0.07662,19,2
345,T,R,-0.3327,12,2
345,T,S,-0.001021,49,2
345,T,T,0,,2
345,T,V,-0.2492,9.5,2
345,T,W,-0.8278,24.5,2
345,T,Y,-0.2162,44,2
346,T,A,-0.03978,67,2
346,T,C,-0.1523,31.5,2
346,T,D,-0.02611,50.5,2
346,T,E,-0.004335,9,2
346,T,F,-0.02031,44,2
346,T,G,-0.03514,12.5,2
346,T,H,-0.001261,58,2
346,T,I,-0.01456,66,2
346,T,K,0.005808,22,2
346,T,L,-0.03045,27,2
346,T,M,-0.03003,24.5,2
346,T,N,-0.009225,95.5,2
346,T,P,-0.05742,106.5,2
346,T,Q,0.012,21,2
346,T,R,-0.03055,36.5,2
346,T,S,-0.01067,72,2
346,T,T,0,,2
346,T,V,-0.03837,23,2
346,T,W,-0.07175,12.5,2
346,T,Y,-0.03478,52,2
347,F,*,-0.01928,5.5,2
347,F,-,-6.746,52,2
347,F,A,-0.7253,46,2
347,F,C,-2.513,54.5,2
347,F,D,-6.009,42,2
347,F,E,-1.75,22.5,2
347,F,F,0,,2
347,F,G,-1.099,25.5,2
347,F,H,-2.464,28,2
347,F,I,-0.8807,62.5,2
347,F,K,-5.626,29,2
347,F,L,-0.7166,44.5,2
347,F,M,-0.3885,29,2
347,F,N,-6.553,45,2
347,F,P,-2.049,36.5,2
347,F,Q,-1.579,29,2
347,F,R,-5.614,17,2
347,F,S,-1.19,36,2
347,F,T,-0.7209,39,2
347,F,V,-0.3306,17.5,2
347,F,W,-0.01635,35,2
347,F,Y,-0.09487,70.5,2
348,A,*,-6.278,4.5,2
348,A,-,-4.657,39.5,2
348,A,A,0,,2
348,A,C,-0.3531,72.5,2
348,A,D,-0.121,75.5,2
348,A,E,-0.1704,27.5,2
348,A,F,-0.2161,61.5,2
348,A,G,-0.05384,67.5,2
348,A,H,-0.05066,61,2
348,A,I,-1.175,55,2
348,A,K,-0.2702,16,2
348,A,L,-0.7557,35.5,2
348,A,M,-0.1555,37.5,2
348,A,N,-0.01506,51.5,2
348,A,P,0.01238,82.5,2
348,A,Q,-0.1283,18.5,2
348,A,R,-0.1477,29.5,2
348,A,S,-0.00674,73,2
348,A,T,-0.05833,111.5,2
348,A,V,-0.1481,61,2
348,A,W,-0.1277,15,2
348,A,Y,-0.1295,65.5,2
349,S,-,-7.273,56.5,2
349,S,A,-0.1001,45.5,2
349,S,C,-0.4566,39,2
349,S,D,-0.4377,40,2
349,S,E,-1.97,27.5,2
349,S,F,-6.46,37.5,2
349,S,G,-0.4235,20.5,2
349,S,H,-0.243,31,2
349,S,I,-7.213,45,2
349,S,K,-1.963,11.5,2
349,S,L,-6.744,37.5,2
349,S,M,-1.022,29.5,2
349,S,N,-0.0904,36,2
349,S,P,-0.04254,55,2
349,S,Q,-0.4118,16,2
349,S,R,-1.54,22,2
349,S,S,0,,2
349,S,T,-0.7675,31.5,2
349,S,V,-4.185,20,2
349,S,W,-6.78,33,2
349,S,Y,-5.973,35.5,2
350,V,A,-0.1991,37.5,2
350,V,C,-0.8942,17,2
350,V,D,-7.245,43,2
350,V,E,-6.338,22.5,2
350,V,F,-6.892,39.5,2
350,V,G,-3.649,10.5,2
350,V,H,-6.768,21.5,2
350,V,I,-0.4161,35,2
350,V,K,-6.924,23.5,2
350,V,L,-4.963,11.5,2
350,V,M,-6.543,17.5,2
350,V,N,-5.983,24.5,2
350,V,P,-0.06252,9,2
350,V,Q,-6.821,14.5,2
350,V,R,-6.8,8,2
350,V,S,-0.8283,32,2
350,V,T,-0.7545,25,2
350,V,V,0,,2
350,V,W,-7.049,13,2
350,V,Y,-6.989,42,2
351,Y,*,-0.4973,3,1
351,Y,A,-0.5317,11.5,2
351,Y,C,-0.7828,17.5,2
351,Y,D,-5.06,13.5,2
351,Y,E,-0.2019,3.5,2
351,Y,F,-0.03017,22.5,2
351,Y,G,-4.891,11.5,2
351,Y,H,-0.08787,33,2
351,Y,I,-1.207,28,2
351,Y,K,-4.239,9.5,2
351,Y,L,-0.7773,12.5,2
351,Y,M,-0.8142,20.5,2
351,Y,N,-0.3658,14.5,2
351,Y,P,-2.209,7,2
351,Y,Q,-0.4219,9,2
351,Y,R,-4.591,10,2
351,Y,S,-1.046,16.5,2
351,Y,T,-0.6983,17.5,2
351,Y,V,-0.4162,10.5,2
351,Y,W,-0.3261,16,2
351,Y,Y,0,,2
352,A,*,-3.579,3.5,2
352,A,A,0,,2
352,A,C,-0.1993,46,2
352,A,D,-0.08215,37.5,2
352,A,E,-0.06778,21,2
352,A,F,-0.3602,31.5,2
352,A,G,-0.1298,46,2
352,A,H,-0.1107,19,2
352,A,I,-0.1767,25.5,2
352,A,K,-0.06058,17.5,2
352,A,L,-0.1579,22.5,2
352,A,M,-0.05571,16.5,2
352,A,N,0.00902,28.5,2
352,A,P,-6.994,42,2
352,A,Q,-0.1267,8.5,2
352,A,R,-0.07447,14,2
352,A,S,-0.02778,38.5,2
352,A,T,-0.1482,56.5,2
352,A,V,-0.234,39.5,2
352,A,W,-0.3469,11,2
352,A,Y,-0.2413,25.5,2
353,W,*,-5.701,31,2
353,W,A,-1.89,10,2
353,W,C,-6.539,15.5,2
353,W,D,-3.137,2,2
353,W,E,-5.816,16,2
353,W,F,-0.07502,10.5,2
353,W,G,-2.469,9.5,2
353,W,H,-5.364,11.5,2
353,W,I,-5.622,7.5,2
353,W,K,-7.337,25,2
353,W,L,-6.784,19,2
353,W,M,-4.687,22,2
353,W,N,-3.272,6.5,2
353,W,P,-2.567,8,2
353,W,Q,-6.255,17,2
353,W,R,-7.334,59,2
353,W,S,-5.428,13,2
353,W,T,-6.339,5,2
353,W,V,-5.553,12,2
353,W,W,0,,2
353,W,Y,-0.139,2,2
354,N,A,-0.02097,7.5,2
354,N,C,-0.3167,19.5,2
354,N,D,0.004432,21.5,2
354,N,E,0.00066,14.5,2
354,N,F,-0.3478,46.5,2
354,N,G,-0.08407,3.5,2
354,N,H,0.003937,36,2
354,N,I,-0.2547,50.5,2
354,N,K,-0.001665,47.5,2
354,N,L,-0.1991,11.5,2
354,N,M,-0.1132,29,2
354,N,N,0,,2
354,N,P,-2.397,14.5,2
354,N,Q,-0.03159,10,2
354,N,R,0.01066,21,2
354,N,S,-0.01477,25.5,2
354,N,T,-0.03631,31.5,2
354,N,V,-0.2515,14.5,2
354,N,W,-0.3646,5.5,2
354,N,Y,-0.1823,44.5,2
355,R,A,-7.143,11.5,2
355,R,C,-7.306,27,2
355,R,D,-7.199,17.5,2
355,R,E,-6.962,23,2
355,R,F,-6.367,20,2
355,R,G,-5.811,23,2
355,R,H,-0.8033,16,2
355,R,I,-5.529,25.5,2
355,R,K,-3.341,41.5,2
355,R,L,-7.125,31,2
355,R,M,-5.597,55,2
355,R,N,-5.194,33.5,2
355,R,P,-5.636,4.5,2
355,R,Q,-3.07,27.5,2
355,R,R,0,,2
355,R,S,-1.969,33,2
355,R,T,-3.975,14,2
355,R,V,-7.169,29.5,2
355,R,W,-7.219,43.5,2
355,R,Y,-5.441,13.5,2
356,K,*,-2.787,8.5,2
356,K,A,0.01295,7,2
356,K,C,-0.3235,16,2
356,K,D,-0.3085,11.5,2
356,K,E,-0.07022,50.5,2
356,K,F,-0.0456,16,2
356,K,G,-0.1692,4,2
356,K,H,-0.00251,8.5,2
356,K,I,-0.005279,25.5,2
356,K,K,0,,2
356,K,L,-0.006935,27,2
356,K,M,-0.01476,62,2
356,K,N,-0.03338,49.5,2
356,K,P,-2.582,6.5,2
356,K,Q,-0.00586,38,2
356,K,R,-0.004012,55,2
356,K,S,-0.04057,38.5,2
356,K,T,0.01256,35.5,2
356,K,V,-0.00318,43.5,2
356,K,W,-0.08524,40.5,2
356,K,Y,-0.01995,24,2
357,R,*,-3.988,3.5,2
357,R,A,-0.145,6,2
357,R,C,-0.05969,11.5,2
357,R,D,-0.3584,23,2
357,R,E,-0.09744,39,2
357,R,F,-0.1112,15.5,2
357,R,G,-0.2681,28,2
357,R,H,0.0043,14,2
357,R,I,0.001306,28,2
357,R,K,-0.006655,60,2
357,R,L,-0.02617,33,2
357,R,M,-0.027,63.5,2
357,R,N,-0.2767,31.5,2
357,R,P,-0.0662,9,2
357,R,Q,-0.0004815,31,2
357,R,R,0,,2
357,R,S,-0.04705,50,2
357,R,T,-0.0211,43.5,2
357,R,V,0.002266,34,2
357,R,W,-0.06987,60.5,2
357,R,Y,-0.04231,17.5,2
358,I,A,-4.159,11,2
358,I,C,-1.77,17,2
358,I,D,-5.758,15.5,2
358,I,E,-5.825,13.5,2
358,I,F,0.005994,28.5,2
358,I,G,-5.618,16.5,2
358,I,H,-3.18,16,2
358,I,I,0,,2
358,I,K,-6.22,23,2
358,I,L,-0.05767,21.5,2
358,I,M,-0.09873,59,2
358,I,N,-3.701,37.5,2
358,I,P,-5.954,17.5,2
358,I,Q,-3.507,6,2
358,I,R,-7.293,24.5,2
358,I,S,-5.485,16,2
358,I,T,-3.433,31.5,2
358,I,V,-0.1007,20.5,2
358,I,W,-0.04727,15.5,2
358,I,Y,-0.2868,23.5,2
359,S,A,-0.007253,30,2
359,S,C,-0.1542,106.5,2
359,S,D,-0.03867,46.5,2
359,S,E,-0.0007141,46,2
359,S,F,-0.1072,58,2
359,S,G,-0.1028,70.5,2
359,S,H,-0.01393,50.5,2
359,S,I,-0.1145,68,2
359,S,K,-0.07761,54,2
359,S,L,-0.1164,41.5,2
359,S,M,-0.05221,27,2
359,S,N,-0.01651,72,2
359,S,P,-1.877,52.5,2
359,S,Q,-0.01607,35.5,2
359,S,R,-0.04562,64.5,2
359,S,S,0,,2
359,S,T,-0.01208,92.5,2
359,S,V,-0.07551,38,2
359,S,W,-0.07122,33,2
359,S,Y,-0.01077,44,2
360,N,A,-0.08197,38.5,2
360,N,C,-0.5583,40,2
360,N,D,-0.01312,55.5,2
360,N,E,-0.1039,32,2
360,N,F,-0.251,55,2
360,N,G,-0.07084,33.5,2
360,N,H,-0.006118,14,2
360,N,I,-1.915,68.5,2
360,N,K,-0.1729,53.5,2
360,N,L,-0.3164,20.5,2
360,N,M,-0.08103,29.5,2
360,N,N,0,,2
360,N,P,-2.579,12,2
360,N,Q,-0.2882,19,2
360,N,R,-0.2037,30,2
360,N,S,-0.04657,58.5,2
360,N,T,-0.1238,92.5,2
360,N,V,-0.8178,44,2
360,N,W,-0.09714,28.5,2
360,N,Y,-0.1221,78.5,2
361,C,A,-2.652,13,2
361,C,C,0,,2
361,C,D,-7.351,30,2
361,C,E,-7.257,25.5,2
361,C,F,-6.917,50,2
361,C,G,-5.715,18,2
361,C,H,-7.151,23,2
361,C,I,-6.228,27,2
361,C,K,-7.355,34,2
361,C,L,-6.637,31,2
361,C,M,-7.008,34.5,2
361,C,N,-4.952,30,2
361,C,P,-5.752,14,2
361,C,Q,-6.036,25.5,2
361,C,R,-7.079,34.5,2
361,C,S,-7.093,24,2
361,C,T,-7.046,37.5,2
361,C,V,-7.223,30,2
361,C,W,-6.416,48,2
361,C,Y,-7.282,57,2
362,V,A,-0.7228,37.5,2
362,V,C,-0.5896,21.5,2
362,V,D,-5.978,19,2
362,V,E,-0.6661,54.5,2
362,V,F,-0.43,17.5,2
362,V,G,-2.492,31,2
362,V,H,-0.83,36.5,2
362,V,I,-0.006554,46.5,2
362,V,K,-0.03821,44,2
362,V,L,-0.02298,64.5,2
362,V,M,-0.0503,56.5,2
362,V,N,-1.44,26.5,2
362,V,P,-4.893,14.5,2
362,V,Q,-0.1801,36,2
362,V,R,-0.09101,39,2
362,V,S,-0.3408,33,2
362,V,T,-0.1024,30.5,2
362,V,V,0,,2
362,V,W,-0.2759,36,2
362,V,Y,-0.234,27,2
363,A,A,0,,2
363,A,C,-0.3266,27,2
363,A,D,-6.721,38,2
363,A,E,-3.255,33,2
363,A,F,-0.004994,23,2
363,A,G,-0.1299,41.5,2
363,A,H,-0.6434,20.5,2
363,A,I,-0.01921,22,2
363,A,K,-5.815,41.5,2
363,A,L,-0.06035,34.5,2
363,A,M,-0.02502,34.5,2
363,A,N,-1.137,20.5,2
363,A,P,-5.264,31.5,2
363,A,Q,-1.034,18,2
363,A,R,-7.146,29.5,2
363,A,S,-0.04855,51.5,2
363,A,T,-0.1984,61.5,2
363,A,V,-0.06374,65.5,2
363,A,W,-0.07868,26,2
363,A,Y,-0.05357,26.5,2
364,D,A,-0.6468,87,2
364,D,C,-1.128,35.5,2
364,D,D,0,,2
364,D,E,-0.1051,43.5,2
364,D,F,-0.9739,46,2
364,D,G,-1.592,60.5,2
364,D,H,-0.376,56,2
364,D,I,-0.5205,71.5,2
364,D,K,-0.4293,48.5,2
364,D,L,-0.4067,28.5,2
364,D,M,-0.2689,35.5,2
364,D,N,-0.07425,73.5,2
364,D,P,-1.026,29.5,2
364,D,Q,-0.1896,25,2
364,D,R,-0.5907,21,2
364,D,S,-0.2981,53.5,2
364,D,T,-0.4232,57,2
364,D,V,-0.4722,31.5,2
364,D,W,-1.746,19.5,2
364,D,Y,-0.7696,45.5,2
365,Y,*,-3.031,5.5,2
365,Y,A,-0.1174,4,2
365,Y,C,-0.7356,38.5,2
365,Y,D,-2.763,49.5,2
365,Y,E,-3.3,18,2
365,Y,F,0.00286,39.5,2
365,Y,G,-2.292,17.5,2
365,Y,H,-0.3098,41.5,2
365,Y,I,-0.05647,41,2
365,Y,K,-1.168,19,2
365,Y,L,-0.00232,23.5,2
365,Y,M,-0.03203,26.5,2
365,Y,N,-0.9428,51.5,2
365,Y,P,-0.2055,30.5,2
365,Y,Q,-0.4458,15,2
365,Y,R,-0.6684,15.5,2
365,Y,S,-0.2773,18,2
365,Y,T,-0.1316,27,2
365,Y,V,-0.2019,21,2
365,Y,W,0.01715,29,2
365,Y,Y,0,,2
366,S,A,-0.01664,12.5,2
366,S,C,-1.673,30,2
366,S,D,-0.00104,29,2
366,S,E,-0.05697,30.5,2
366,S,F,-0.3558,47,2
366,S,G,-0.0971,20,2
366,S,H,-0.00303,26.5,2
366,S,I,-0.7823,52.5,2
366,S,K,-0.02805,46.5,2
366,S,L,-0.207,26.5,2
366,S,M,-0.3354,38.5,2
366,S,N,0.006863,39,2
366,S,P,-0.8622,30.5,2
366,S,Q,-0.05228,26.5,2
366,S,R,-0.01137,20.5,2
366,S,S,0,,2
366,S,T,-0.01066,38,2
366,S,V,-0.3734,27,2
366,S,W,-0.7434,34.5,2
366,S,Y,-0.3552,48,2
367,V,A,-0.03975,26.5,2
367,V,C,-0.111,53.5,2
367,V,D,-0.05163,42.5,2
367,V,E,-0.03123,81,2
367,V,F,-0.0008026,46.5,2
367,V,G,-0.08844,37.5,2
367,V,H,-0.01411,48.5,2
367,V,I,-0.01626,58,2
367,V,K,-0.03915,74,2
367,V,L,-0.008772,58.5,2
367,V,M,0.008967,84,2
367,V,N,-0.04238,42,2
367,V,P,-0.05664,34.5,2
367,V,Q,3.15e-05,62,2
367,V,R,-0.06594,65.5,2
367,V,S,-0.04801,51.5,2
367,V,T,-0.03188,32,2
367,V,V,0,,2
367,V,W,-0.02806,80,2
367,V,Y,0.009861,66,2
368,I,*,-0.8033,1.5,2
368,I,A,-0.532,60,2
368,I,C,-1.08,84.5,2
368,I,D,-3.021,65.5,2
368,I,E,-3.365,41,2
368,I,F,-0.06118,131,2
368,I,G,-2.401,39.5,2
368,I,H,-2.62,87.5,2
368,I,I,0,,2
368,I,K,-2.954,52,2
368,I,L,-0.0325,77,2
368,I,M,-0.033,73.5,2
368,I,N,-2.195,131.5,2
368,I,P,-1.343,73.5,2
368,I,Q,-2.014,49.5,2
368,I,R,-1.909,68,2
368,I,S,-1.991,110,2
368,I,T,-1.035,106.5,2
368,I,V,-0.05217,75.5,2
368,I,W,-0.1053,50.5,2
368,I,Y,-0.7308,101,2
369,Y,*,-0.08227,2,2
369,Y,A,-0.006662,92,2
369,Y,C,-0.4137,129.5,2
369,Y,D,-0.04792,111,2
369,Y,E,-0.000415,39.5,2
369,Y,F,-0.02305,165.5,2
369,Y,G,0.008666,50.5,2
369,Y,H,-0.001436,132.5,2
369,Y,I,-0.0538,118,2
369,Y,K,-0.01477,61.5,2
369,Y,L,0.003444,51.5,2
369,Y,M,0.0004165,66,2
369,Y,N,-0.00176,236,2
369,Y,P,-0.07691,80.5,2
369,Y,Q,0.005388,27.5,2
369,Y,R,-0.04115,36,2
369,Y,S,0.002325,105,2
369,Y,T,-0.004537,127.5,2
369,Y,V,-0.09506,39.5,2
369,Y,W,-0.01049,59.5,2
369,Y,Y,0,,2
370,N,A,-0.02282,62.5,2
370,N,C,-0.6096,36,2
370,N,D,-0.000659,87.5,2
370,N,E,-0.03064,32.5,2
370,N,F,-0.144,47,2
370,N,G,-0.01947,24.5,2
370,N,H,-0.0439,103,2
370,N,I,-0.1739,97,2
370,N,K,-0.007287,57.5,2
370,N,L,-0.1579,16.5,2
370,N,M,-0.1218,29,2
370,N,N,0,,2
370,N,P,-0.08071,112,2
370,N,Q,0.01343,18,2
370,N,R,-0.002405,23,2
370,N,S,0.001643,61,2
370,N,T,-0.01344,109,2
370,N,V,-0.1774,27.5,2
370,N,W,-0.1874,23,2
370,N,Y,-0.1094,92,2
371,F,*,-3.705,5.5,2
371,F,-,0.00528,1,2
371,F,A,-0.1207,44.5,2
371,F,C,-0.1847,65.5,2
371,F,D,-0.1479,40.5,2
371,F,E,-0.2227,39.5,2
371,F,F,0,,2
371,F,G,-0.1436,38,2
371,F,H,-0.04775,47.5,2
371,F,I,-0.09378,88,2
371,F,K,-0.1232,28.5,2
371,F,L,-0.301,70.5,2
371,F,M,-0.1821,31,2
371,F,N,-0.05496,70,2
371,F,P,-1.412,54.5,2
371,F,Q,-0.01667,26,2
371,F,R,-0.2576,40.5,2
371,F,S,-0.04902,77.5,2
371,F,T,-0.06117,50.5,2
371,F,V,-0.01533,43,2
371,F,W,-0.00599,61.5,2
371,F,Y,0.01665,93,2
372,A,-,0.005124,1,2
372,A,A,0,,2
372,A,C,-0.1925,43,2
372,A,D,-0.1325,78.5,2
372,A,E,-0.01884,37.5,2
372,A,F,-0.05853,80,2
372,A,G,0.0004624,48.5,2
372,A,H,-0.00697,32,2
372,A,I,-0.05878,64.5,2
372,A,K,-0.1361,52,2
372,A,L,-0.09029,18.5,2
372,A,M,-0.02229,31.5,2
372,A,N,-0.05405,64.5,2
372,A,P,-0.584,84.5,2
372,A,Q,-0.01724,17.5,2
372,A,R,-0.04966,15.5,2
372,A,S,-0.02223,67.5,2
372,A,T,-0.05831,120.5,2
372,A,V,-0.03628,24.5,2
372,A,W,-0.3631,11,2
372,A,Y,-0.06995,56,2
373,P,-,0.01495,1,2
373,P,A,-0.08297,81.5,2
373,P,C,-1.284,50,2
373,P,D,-0.02407,43.5,2
373,P,E,0.003731,13,2
373,P,F,-0.3479,35,2
373,P,G,-0.08416,32,2
373,P,H,-0.06639,115,2
373,P,I,-0.4035,50,2
373,P,K,-0.08671,25,2
373,P,L,-0.3226,71,2
373,P,M,-0.1165,32,2
373,P,N,-0.02211,44.5,2
373,P,P,0,,2
373,P,Q,-0.008733,55,2
373,P,R,-0.06319,38.5,2
373,P,S,-0.02933,62.5,2
373,P,T,-0.08727,110.5,2
373,P,V,-0.2147,31,2
373,P,W,-1.533,23.5,2
373,P,Y,-0.1031,47,2
374,F,-,0.0206,4,2
374,F,A,-0.00684,43.5,2
374,F,C,-0.5915,76.5,2
374,F,D,0.002624,56.5,2
374,F,E,0.01099,27,2
374,F,F,0,,2
374,F,G,-0.02811,24,2
374,F,H,-0.02735,74,2
374,F,I,-0.01007,91,2
374,F,K,-0.05802,35.5,2
374,F,L,-0.0005905,36,2
374,F,M,-0.02826,28.5,2
374,F,N,-0.01151,82,2
374,F,P,-0.01096,92.5,2
374,F,Q,-0.02843,22.5,2
374,F,R,-0.07649,9,2
374,F,S,-0.05421,57.5,2
374,F,T,-0.0002115,74.5,2
374,F,V,-0.02998,21,2
374,F,W,-0.02553,28.5,2
374,F,Y,-0.01282,94,2
375,F,-,-0.005148,1.5,2
375,F,A,0.0192,65,2
375,F,C,-0.03255,130,2
375,F,D,0.0167,77,2
375,F,E,0.02136,28,2
375,F,F,0,,2
375,F,G,-0.00085,37,2
375,F,H,0.01775,82.5,2
375,F,I,-0.007275,128,2
375,F,K,-0.002882,18.5,2
375,F,L,-0.01157,49,2
375,F,M,-0.005857,24,2
375,F,N,0.01329,65,2
375,F,P,0.01145,102,2
375,F,Q,-0.05426,13,2
375,F,R,-0.3422,13,2
375,F,S,0.01819,65,2
375,F,T,0.01667,67.5,2
375,F,V,0.0103,34,2
375,F,W,-0.0952,18.5,2
375,F,Y,8.35e-05,102.5,2
376,A,*,-3.645,3,1
376,A,-,-0.08212,3,2
376,A,A,0,,2
376,A,C,-0.2754,78.5,2
376,A,D,-0.01128,152,2
376,A,E,0.01048,74.5,2
376,A,F,-0.0198,97.5,2
376,A,G,-0.05787,109,2
376,A,H,0.0176,76.5,2
376,A,I,-0.004364,76,2
376,A,K,0.001844,27.5,2
376,A,L,0.001837,40,2
376,A,M,0.006399,27,2
376,A,N,-0.0005375,64.5,2
376,A,P,-0.1078,133.5,2
376,A,Q,0.01564,26.5,2
376,A,R,0.006994,41,2
376,A,S,0.01262,76,2
376,A,T,0.01135,125,2
376,A,V,0.004466,65.5,2
376,A,W,-0.05876,35.5,2
376,A,Y,0.002137,77.5,2
377,F,-,-0.003556,1.5,2
377,F,A,-0.4557,14,2
377,F,C,-0.3813,20,2
377,F,D,-0.6191,10,2
377,F,E,-0.02749,5.5,2
377,F,F,0,,2
377,F,G,-0.1244,10,2
377,F,H,-0.04864,18.5,2
377,F,I,-0.08655,37.5,2
377,F,K,-0.0808,10.5,2
377,F,L,-0.1344,13,2
377,F,M,-0.1785,10.5,2
377,F,N,-0.1322,39.5,2
377,F,P,-0.4024,11.5,2
377,F,Q,-0.09462,2,1
377,F,R,-0.1544,2,1
377,F,S,-0.03507,24.5,2
377,F,T,-0.1602,12.5,2
377,F,V,-0.3417,9.5,2
377,F,W,0.01715,13,2
377,F,Y,-0.04767,42,2
378,K,-,-0.08164,1,1
378,K,A,-0.009015,3,2
378,K,C,-3.499,10,2
378,K,D,-0.2109,10,2
378,K,E,-0.207,36.5,2
378,K,F,-0.2504,26,2
378,K,G,-1.002,1,1
378,K,H,-0.1117,19,2
378,K,I,-0.3174,24.5,2
378,K,K,0,,2
378,K,L,-0.3468,26.5,2
378,K,M,-0.1361,45,2
378,K,N,-0.03596,38,2
378,K,P,-2.545,8,2
378,K,Q,-0.01944,51,2
378,K,R,-0.004487,39,2
378,K,S,-0.02202,8,2
378,K,T,-0.00175,12.5,2
378,K,V,-0.3402,20.5,2
378,K,W,-0.5422,25.5,2
378,K,Y,-0.1653,30.5,2
379,C,*,-0.06404,3,1
379,C,-,0.007325,1,1
379,C,A,-0.8484,1.5,2
379,C,C,0,,2
379,C,D,-6.42,15,2
379,C,E,-7.371,11,2
379,C,F,-5.08,49.5,2
379,C,G,-5.338,8,2
379,C,H,-4.936,12.5,2
379,C,I,-7.05,21,2
379,C,K,-6.708,18.5,2
379,C,L,-5.556,12.5,2
379,C,M,-6.201,36.5,2
379,C,N,-6.986,20,2
379,C,P,-5.412,6,2
379,C,Q,-4.83,13,2
379,C,R,-5.988,22,2
379,C,S,-4.644,27,2
379,C,T,-5.979,6.5,2
379,C,V,-5.648,24.5,2
379,C,W,-3.403,66.5,2
379,C,Y,-6.627,49.5,2
380,Y,*,-0.09989,1,1
380,Y,-,0.006345,1,1
380,Y,A,-1.13,18.5,2
380,Y,C,-2.603,52,2
380,Y,D,-1.982,32,2
380,Y,E,-0.8754,23.5,2
380,Y,F,-0.02099,48.5,2
380,Y,G,-5.528,23.5,2
380,Y,H,-0.08648,33.5,2
380,Y,I,-0.5563,36.5,2
380,Y,K,-2.691,44.5,2
380,Y,L,-1.209,30.5,2
380,Y,M,-0.5593,76,2
380,Y,N,-0.4783,24,2
380,Y,P,-7.391,29.5,2
380,Y,Q,-0.9254,26,2
380,Y,R,-1.597,29.5,2
380,Y,S,-0.8666,34,2
380,Y,T,-0.6376,31,2
380,Y,V,-0.7069,28,2
380,Y,W,-0.01134,43.5,2
380,Y,Y,0,,2
381,G,*,-3.374,5.5,2
381,G,-,0.004846,1,1
381,G,A,-0.114,35.5,2
381,G,C,-0.9405,41,2
381,G,D,-0.3634,54,2
381,G,E,-0.7856,35,2
381,G,F,-0.501,41.5,2
381,G,G,0,,2
381,G,H,-0.05906,22,2
381,G,I,-6.665,45,2
381,G,K,-0.0519,30.5,2
381,G,L,-0.3798,18,2
381,G,M,-0.09047,33.5,2
381,G,N,0.002715,29,2
381,G,P,-5.661,18,2
381,G,Q,-0.0271,32,2
381,G,R,0.008811,49,2
381,G,S,-0.07217,22.5,2
381,G,T,-0.2878,25,2
381,G,V,-6.175,40,2
381,G,W,-0.3266,23.5,2
381,G,Y,-0.5279,49,2
382,V,-,-0.01592,1,1
382,V,A,-0.2474,27.5,2
382,V,C,-0.253,38.5,2
382,V,D,-6.806,28,2
382,V,E,-5.905,56.5,2
382,V,F,-0.07479,20.5,2
382,V,G,-5.543,31,2
382,V,H,-5.021,19,2
382,V,I,-0.0433,31,2
382,V,K,-6.832,28,2
382,V,L,-0.05129,45.5,2
382,V,M,-0.1143,58,2
382,V,N,-6.893,22.5,2
382,V,P,-6.077,8.5,2
382,V,Q,-5.64,23,2
382,V,R,-6.771,29,2
382,V,S,-5.841,22.5,2
382,V,T,-6.107,16,2
382,V,V,0,,2
382,V,W,-6.483,24,2
382,V,Y,-0.05513,22,2
383,S,*,-0.07883,2,1
383,S,-,0.00584,1,1
383,S,A,-0.08009,28,2
383,S,C,-4.947,49.5,2
383,S,D,-5.611,34,2
383,S,E,-3.49,15,2
383,S,F,-6.144,36,2
383,S,G,-0.1347,56,2
383,S,H,-0.04315,37,2
383,S,I,-6.657,49,2
383,S,K,-6.657,35.5,2
383,S,L,-6.876,18,2
383,S,M,-5.474,34.5,2
383,S,N,-4.529,56.5,2
383,S,P,-5.013,35.5,2
383,S,Q,-6.905,16,2
383,S,R,-6.501,54,2
383,S,S,0,,2
383,S,T,-3.55,64,2
383,S,V,-7.069,12.5,2
383,S,W,-3.868,17.5,2
383,S,Y,-5.787,36,2
384,P,-,0.0119,1,1
384,P,A,-0.01978,21,2
384,P,C,-0.3137,14,2
384,P,D,-0.09317,15,2
384,P,E,-0.05418,23.5,2
384,P,F,0.01246,23.5,2
384,P,G,-0.1595,8.5,2
384,P,H,-0.03295,13.5,2
384,P,I,-0.004838,28,2
384,P,K,-0.02511,22,2
384,P,L,-0.05937,49.5,2
384,P,M,-0.05388,27,2
384,P,N,-0.1356,25.5,2
384,P,P,0,,2
384,P,Q,-0.002149,44,2
384,P,R,0.001585,16.5,2
384,P,S,-0.0141,15.5,2
384,P,T,-0.03257,22,2
384,P,V,-0.02576,8,2
384,P,W,0.001597,15.5,2
384,P,Y,-0.005233,32,2
385,T,*,-0.1599,2,2
385,T,-,-0.04904,1,2
385,T,A,0.003402,71,2
385,T,C,-0.2167,31.5,2
385,T,D,-1.91,44,2
385,T,E,-1.004,32,2
385,T,F,-0.07595,35.5,2
385,T,G,-0.0181,35.5,2
385,T,H,-0.0001275,84,2
385,T,I,-0.02386,77.5,2
385,T,K,-0.04775,45,2
385,T,L,-0.03767,53,2
385,T,M,-0.006429,40,2
385,T,N,0.0005025,110,2
385,T,P,-0.05603,96.5,2
385,T,Q,-0.002386,48.5,2
385,T,R,-0.01456,61,2
385,T,S,0.01048,79.5,2
385,T,T,0,,2
385,T,V,-0.01752,35,2
385,T,W,-0.2605,42.5,2
385,T,Y,-0.04832,53.5,2
386,K,-,0.009317,2,1
386,K,A,-4.428,27.5,2
386,K,C,-0.9333,25.5,2
386,K,D,-6.717,50.5,2
386,K,E,-7.245,41.5,2
386,K,F,-5.087,34,2
386,K,G,-6.942,22,2
386,K,H,-2.838,35.5,2
386,K,I,-6.044,60,2
386,K,K,0,,2
386,K,L,-4.676,31.5,2
386,K,M,-6.211,33.5,2
386,K,N,-6.189,70,2
386,K,P,-7.159,43.5,2
386,K,Q,-6.817,30.5,2
386,K,R,-0.002795,27.5,2
386,K,S,-4.728,43.5,2
386,K,T,-6.642,54.5,2
386,K,V,-5.651,21.5,2
386,K,W,-4.686,13.5,2
386,K,Y,-6,43,2
387,L,-,-0.09559,2,1
387,L,A,-1.251,10.5,2
387,L,C,-4.25,22.5,2
387,L,D,-7.14,23.5,2
387,L,E,-7.098,46.5,2
387,L,F,-0.2004,41,2
387,L,G,-3.292,7,2
387,L,H,-6.983,37,2
387,L,I,-0.09992,44.5,2
387,L,K,-7.189,48,2
387,L,L,0,,2
387,L,M,-0.1068,86.5,2
387,L,N,-7.097,27,2
387,L,P,-6.421,23,2
387,L,Q,-7.141,105.5,2
387,L,R,-5.732,31,2
387,L,S,-6.273,12.5,2
387,L,T,-3.034,17,2
387,L,V,-0.1627,86.5,2
387,L,W,-0.878,49,2
387,L,Y,-3.101,29,2
388,N,-,0.0009761,2,1
388,N,A,-0.01941,6.5,2
388,N,C,-0.4857,16,2
388,N,D,-0.04412,15.5,2
388,N,E,-0.0771,21,2
388,N,F,-0.2624,15.5,2
388,N,G,-0.1559,10,2
388,N,H,-0.006095,25,2
388,N,I,-0.1511,34.5,2
388,N,K,-0.03329,34.5,2
388,N,L,-0.1319,12,2
388,N,M,-0.05749,15,2
388,N,N,0,,2
388,N,P,-0.05779,13.5,2
388,N,Q,-0.016,15.5,2
388,N,R,-0.04956,14.5,2
388,N,S,-0.01133,25.5,2
388,N,T,-0.05352,28,2
388,N,V,-0.03458,21.5,2
388,N,W,-0.6259,11.5,2
388,N,Y,-0.06699,34,2
389,D,-,-0.05498,2,1
389,D,A,-0.05527,45.5,2
389,D,C,-0.6757,24,2
389,D,D,0,,2
389,D,E,0.00327,29,2
389,D,F,-0.7419,31,2
389,D,G,-0.05346,35.5,2
389,D,H,-0.1479,42.5,2
389,D,I,-1.258,32,2
389,D,K,-1.645,15,2
389,D,L,-0.3758,14,2
389,D,M,-0.1739,19.5,2
389,D,N,-0.05053,42.5,2
389,D,P,-5.575,14,2
389,D,Q,-0.0404,10.5,2
389,D,R,-1.254,20.5,2
389,D,S,-0.02216,23,2
389,D,T,-0.2081,32,2
389,D,V,-0.6761,18.5,2
389,D,W,-1.614,12.5,2
389,D,Y,-0.9237,38.5,2
390,L,-,0.006257,2,1
390,L,A,-5.918,10,2
390,L,C,-3.056,24,2
390,L,D,-6.672,8,2
390,L,E,-5.436,19,2
390,L,F,-4.554,13,2
390,L,G,-2.718,9,2
390,L,H,-2.837,16.5,2
390,L,I,-0.06411,19.5,2
390,L,K,-7.106,25.5,2
390,L,L,0,,2
390,L,M,0.0134,24,2
390,L,N,-0.4364,21.5,2
390,L,P,-6.306,32.5,2
390,L,Q,-0.02728,45.5,2
390,L,R,-2.996,13.5,2
390,L,S,-6.505,12,2
390,L,T,-3.731,9.5,2
390,L,V,-1.483,26,2
390,L,W,-1.193,18.5,2
390,L,Y,-6.032,17,2
391,C,*,-0.03461,1,2
391,C,-,-0.02986,2,1
391,C,A,-5.173,11.5,2
391,C,C,0,,2
391,C,D,-7.191,19.5,2
391,C,E,-6.567,20.5,2
391,C,F,-6.476,29.5,2
391,C,G,-5.797,13.5,2
391,C,H,-7.271,14.5,2
391,C,I,-5.349,16,2
391,C,K,-7.288,23,2
391,C,L,-7.22,22.5,2
391,C,M,-5.872,15,2
391,C,N,-7.176,25.5,2
391,C,P,-7.333,7,2
391,C,Q,-7.19,13.5,2
391,C,R,-4.324,12,2
391,C,S,-7.183,21.5,2
391,C,T,-5.523,7.5,2
391,C,V,-6.786,16,2
391,C,W,-7.024,30.5,2
391,C,Y,-7.121,38,2
392,F,-,-0.05709,3,1
392,F,A,-0.05787,28.5,2
392,F,C,-0.2142,50,2
392,F,D,-7.233,29.5,2
392,F,E,-4.18,17.5,2
392,F,F,0,,2
392,F,G,-0.5776,35,2
392,F,H,-0.4184,39,2
392,F,I,-2.015,44,2
392,F,K,-3.92,20,2
392,F,L,-0.2121,22.5,2
392,F,M,-0.06085,27,2
392,F,N,-0.8363,27.5,2
392,F,P,-6.88,24.5,2
392,F,Q,-0.08536,8.5,2
392,F,R,-6.928,11,2
392,F,S,-0.1923,24,2
392,F,T,-0.2394,29,2
392,F,V,-0.952,12,2
392,F,W,-0.1396,12.5,2
392,F,Y,-0.02607,46.5,2
393,T,-,0.01464,1,1
393,T,A,-0.05665,55,2
393,T,C,-0.4594,21,2
393,T,D,-0.1114,28,2
393,T,E,-0.1317,23.5,2
393,T,F,-0.3672,39.5,2
393,T,G,-0.1991,36.5,2
393,T,H,-0.02508,15,2
393,T,I,-0.1845,50.5,2
393,T,K,-0.2454,37.5,2
393,T,L,-0.7402,29,2
393,T,M,-0.3731,27.5,2
393,T,N,-0.0361,61.5,2
393,T,P,-0.1159,53,2
393,T,Q,-0.1548,30,2
393,T,R,-0.07476,33.5,2
393,T,S,-0.003615,6.5,2
393,T,T,0,,2
393,T,V,-0.1159,22.5,2
393,T,W,-0.592,33,2
393,T,Y,-0.06625,36,2
394,N,-,-0.01484,1,1
394,N,A,-0.01192,6,2
394,N,C,-0.07028,24,2
394,N,D,-0.03188,21.5,2
394,N,E,0.01321,24,2
394,N,F,-0.339,34,2
394,N,G,-0.03622,13,2
394,N,H,-0.0401,30,2
394,N,I,-0.09208,35,2
394,N,K,-0.08218,40.5,2
394,N,L,-0.0365,21,2
394,N,M,-0.04692,38,2
394,N,N,0,,2
394,N,P,-5.55,10.5,2
394,N,Q,-0.02479,18.5,2
394,N,R,-0.05481,20.5,2
394,N,S,0.000905,30,2
394,N,T,-0.005975,25,2
394,N,V,-0.08079,23,2
394,N,W,-0.1807,17,2
394,N,Y,-0.06471,25.5,2
395,V,-,-0.09139,1,1
395,V,A,-0.1315,43,2
395,V,C,-0.2069,35.5,2
395,V,D,-6.931,41,2
395,V,E,-1.766,11.5,2
395,V,F,-0.04649,35.5,2
395,V,G,-0.761,39,2
395,V,H,-2.038,21.5,2
395,V,I,-0.000425,47,2
395,V,K,-3.607,23,2
395,V,L,-0.01087,28,2
395,V,M,-0.00169,19.5,2
395,V,N,-4.774,28.5,2
395,V,P,-7.093,24,2
395,V,Q,-1.052,10,2
395,V,R,-6.949,23,2
395,V,S,-0.3674,17,2
395,V,T,-0.09322,31.5,2
395,V,V,0,,2
395,V,W,-0.7841,14,2
395,V,Y,-0.5425,32,2
396,Y,*,-1.346,1.5,2
396,Y,-,0.004188,1,1
396,Y,A,-0.735,13.5,2
396,Y,C,-0.3085,24,2
396,Y,D,-0.176,22,2
396,Y,E,-0.5349,8.5,2
396,Y,F,-0.05836,18,2
396,Y,G,-2.219,16,2
396,Y,H,-0.08145,29.5,2
396,Y,I,-0.1343,14,2
396,Y,K,-0.3345,12,2
396,Y,L,-0.1026,15,2
396,Y,M,-0.1971,19.5,2
396,Y,N,-0.03323,32.5,2
396,Y,P,-6.478,9.5,2
396,Y,Q,-0.07948,17.5,2
396,Y,R,-0.2749,5,2
396,Y,S,-3.104,12,2
396,Y,T,-3.916,9,2
396,Y,V,-0.04471,10.5,2
396,Y,W,-0.03635,14.5,2
396,Y,Y,0,,2
397,A,A,0,,2
397,A,C,-0.1662,15.5,2
397,A,D,-5.91,13,2
397,A,E,-1.34,24.5,2
397,A,F,-0.3884,30,2
397,A,G,-1.091,22.5,2
397,A,H,-0.8473,10.5,2
397,A,I,-0.0527,20.5,2
397,A,K,-6.827,16,2
397,A,L,-0.05134,22.5,2
397,A,M,0.00229,25.5,2
397,A,N,-6.797,23.5,2
397,A,P,-6.258,14,2
397,A,Q,-0.6806,20.5,2
397,A,R,-5.38,13,2
397,A,S,-0.255,25,2
397,A,T,-0.2586,36,2
397,A,V,-0.01975,39.5,2
397,A,W,-0.3426,12,2
397,A,Y,-0.9111,21.5,2
398,D,A,-6.813,26.5,2
398,D,C,-5.91,14,2
398,D,D,0,,2
398,D,E,-5.877,24,2
398,D,F,-6.96,28.5,2
398,D,G,-6.534,34,2
398,D,H,-1.16,31,2
398,D,I,-6.604,16,2
398,D,K,-6.225,32.5,2
398,D,L,-5.369,14.5,2
398,D,M,-3.576,22,2
398,D,N,-6.861,42,2
398,D,P,-7.143,17,2
398,D,Q,-6.1,16,2
398,D,R,-5.703,20,2
398,D,S,-6.877,25,2
398,D,T,-5.388,35.5,2
398,D,V,-7.02,22.5,2
398,D,W,-6.001,21.5,2
398,D,Y,-4.298,49,2
399,S,A,-0.0364,17,2
399,S,C,-0.9654,28.5,2
399,S,D,-1.104,21,2
399,S,E,-2.465,29.5,2
399,S,F,-0.3312,45,2
399,S,G,-0.3566,13.5,2
399,S,H,-0.5966,27,2
399,S,I,-1.078,35,2
399,S,K,-2.297,21.5,2
399,S,L,-1.712,13.5,2
399,S,M,-0.2807,29.5,2
399,S,N,-0.1871,33,2
399,S,P,-7.162,35.5,2
399,S,Q,-0.2163,13,2
399,S,R,-0.05524,8.5,2
399,S,S,0,,2
399,S,T,-0.04563,56,2
399,S,V,-1.713,12,2
399,S,W,-0.1608,22,2
399,S,Y,-0.2133,38.5,2
400,F,A,-6.412,9,2
400,F,C,-7.164,26,2
400,F,D,-6.865,20,2
400,F,E,-6.883,13,2
400,F,F,0,,2
400,F,G,-4.402,10.5,2
400,F,H,-5.405,14.5,2
400,F,I,-7.01,25.5,2
400,F,K,-7.2,16.5,2
400,F,L,-1.355,25,2
400,F,M,-0.2347,19.5,2
400,F,N,-7.117,15,2
400,F,P,-4.614,11.5,2
400,F,Q,-6.694,11,2
400,F,R,-5.582,16,2
400,F,S,-6.775,14,2
400,F,T,-6.227,23.5,2
400,F,V,-5.797,14.5,2
400,F,W,-5.974,23,2
400,F,Y,-1.023,23,2
401,V,A,-0.324,19,2
401,V,C,-0.5241,18,2
401,V,D,-5.25,13.5,2
401,V,E,-6.912,52.5,2
401,V,F,-6.329,9.5,2
401,V,G,-4.138,15,2
401,V,H,-5.439,8,2
401,V,I,-0.153,23,2
401,V,K,-7.388,43,2
401,V,L,-0.5026,41.5,2
401,V,M,-1.173,46,2
401,V,N,-6.878,21.5,2
401,V,P,-4.455,5,2
401,V,Q,-4.718,21,2
401,V,R,-7.209,24.5,2
401,V,S,-1.955,17,2
401,V,T,-0.8638,6.5,2
401,V,V,0,,2
401,V,W,-7.318,29,2
401,V,Y,-5.813,14.5,2
402,I,A,-0.647,6,2
402,I,C,-0.1751,5,2
402,I,D,-2.767,12,2
402,I,E,-7.078,18.5,2
402,I,F,-6.949,28.5,2
402,I,G,-2.399,4,2
402,I,H,-3.653,5,2
402,I,I,0,,2
402,I,K,-7.258,31,2
402,I,L,-0.04984,11,2
402,I,M,-1.12,45.5,2
402,I,N,-7.117,33.5,2
402,I,P,-5.813,10,2
402,I,Q,-0.6948,3.5,2
402,I,R,-6.859,20,2
402,I,S,-2.819,15.5,2
402,I,T,-0.7751,27.5,2
402,I,V,0.001373,16.5,2
402,I,W,-6.952,10.5,2
402,I,Y,-6.761,34,2
403,R,*,-0.76,2.5,2
403,R,A,0.009837,15,2
403,R,C,-0.133,21.5,2
403,R,D,-0.1788,10.5,2
403,R,E,-0.02499,24.5,2
403,R,F,-0.912,21,2
403,R,G,-0.1657,32,2
403,R,H,-0.586,4,2
403,R,I,-0.718,41.5,2
403,R,K,-0.02035,75,2
403,R,L,-0.2419,36,2
403,R,M,-0.02632,100,2
403,R,N,-0.02757,45,2
403,R,P,-0.1024,13,2
403,R,Q,0.006918,30.5,2
403,R,R,0,,2
403,R,S,-0.0008,52.5,2
403,R,T,-0.02746,46.5,2
403,R,V,-0.8836,26,2
403,R,W,-1.233,41,2
403,R,Y,-0.3953,42,2
404,G,*,-2.13,1.5,2
404,G,A,-0.2228,30.5,2
404,G,C,-2,37.5,2
404,G,D,-0.9481,32.5,2
404,G,E,-0.1182,68.5,2
404,G,F,-0.554,38.5,2
404,G,G,0,,2
404,G,H,-0.352,11.5,2
404,G,I,-4.522,27,2
404,G,K,-0.2097,30.5,2
404,G,L,-0.5986,20.5,2
404,G,M,-0.08995,26,2
404,G,N,-0.7493,31,2
404,G,P,-3.249,11,2
404,G,Q,-0.04143,24.5,2
404,G,R,-0.1713,74.5,2
404,G,S,-0.3394,30,2
404,G,T,-2.371,30,2
404,G,V,-3.136,36.5,2
404,G,W,-1.09,37,2
404,G,Y,-0.3912,34,2
405,N,*,-2.28,2,1
405,N,A,0.006053,27.5,2
405,N,C,-0.4379,29,2
405,N,D,-0.0002695,62,2
405,N,E,-0.01256,17,2
405,N,F,-0.02071,65.5,2
405,N,G,-0.0018,30,2
405,N,H,-0.01286,56.5,2
405,N,I,-0.023,143.5,2
405,N,K,-0.04231,71,2
405,N,L,-0.02137,16.5,2
405,N,M,-0.04082,40.5,2
405,N,N,0,,2
405,N,P,-0.8021,44,2
405,N,Q,-0.03336,16.5,2
405,N,R,-0.2923,22.5,2
405,N,S,-0.005608,74,2
405,N,T,-0.03365,99,2
405,N,V,-0.08622,10.5,2
405,N,W,-0.06626,12,2
405,N,Y,-0.02835,76,2
406,E,*,-0.609,2,2
406,E,A,-0.8983,43,2
406,E,C,-4.457,21,2
406,E,D,-0.06649,82,2
406,E,E,0,,2
406,E,F,-3.036,49.5,2
406,E,G,-2.776,24,2
406,E,H,-0.2766,30,2
406,E,I,-7.066,44,2
406,E,K,-6.495,79,2
406,E,L,-1.987,25.5,2
406,E,M,-0.547,56,2
406,E,N,-7.075,55,2
406,E,P,-4.309,6,2
406,E,Q,-0.07336,41.5,2
406,E,R,-7.071,49,2
406,E,S,-1.412,20.5,2
406,E,T,-1.552,28.5,2
406,E,V,-1.851,79.5,2
406,E,W,-0.1878,28.5,2
406,E,Y,-3.566,38.5,2
407,V,A,-0.5031,61.5,2
407,V,C,-0.5329,52.5,2
407,V,D,-7.027,57,2
407,V,E,-2.269,101.5,2
407,V,F,-0.1365,45.5,2
407,V,G,-4.519,65.5,2
407,V,H,-1.632,39.5,2
407,V,I,-0.01231,76,2
407,V,K,-4.168,100,2
407,V,L,-0.0155,88.5,2
407,V,M,-0.07331,106,2
407,V,N,-3.947,33.5,2
407,V,P,-6.95,32.5,2
407,V,Q,-0.8619,57.5,2
407,V,R,-1.401,63.5,2
407,V,S,-6.004,44.5,2
407,V,T,-4.652,43.5,2
407,V,V,0,,2
407,V,W,-1.648,73,2
407,V,Y,-0.9707,49.5,2
408,S,*,-0.3758,2.5,2
408,S,A,0.001729,98,2
408,S,C,-0.276,167.5,2
408,S,D,-0.002774,103.5,2
408,S,E,-0.005198,63.5,2
408,S,F,-0.1512,103.5,2
408,S,G,-0.001259,114,2
408,S,H,-0.01724,93,2
408,S,I,-0.06859,100.5,2
408,S,K,-0.01481,72,2
408,S,L,-0.1254,72,2
408,S,M,-0.08585,92.5,2
408,S,N,-0.01075,179.5,2
408,S,P,-0.01263,106,2
408,S,Q,-0.009916,65.5,2
408,S,R,-0.01988,97,2
408,S,S,0,,2
408,S,T,-0.01704,149,2
408,S,V,-0.02113,39,2
408,S,W,-0.2956,37.5,2
408,S,Y,-0.07078,62,2
409,Q,*,-4.002,4,2
409,Q,A,-0.4918,41.5,2
409,Q,C,-3.72,50,2
409,Q,D,-0.9441,41,2
409,Q,E,-0.1384,103,2
409,Q,F,-0.6468,47,2
409,Q,G,-1.089,30,2
409,Q,H,-0.9278,79.5,2
409,Q,I,-6.369,33.5,2
409,Q,K,-0.4674,106.5,2
409,Q,L,-1.492,107,2
409,Q,M,-0.4979,74.5,2
409,Q,N,-0.6269,32.5,2
409,Q,P,-6.952,71.5,2
409,Q,Q,0,,2
409,Q,R,-0.8433,59,2
409,Q,S,-0.4399,39,2
409,Q,T,-0.726,33,2
409,Q,V,-3.324,88,2
409,Q,W,-6.39,58.5,2
409,Q,Y,-1.064,54.5,2
410,I,-,0.005978,1,1
410,I,A,-5.355,22,2
410,I,C,-2.175,31.5,2
410,I,D,-7.185,29.5,2
410,I,E,-6.45,4,2
410,I,F,-7.053,55.5,2
410,I,G,-4.037,7.5,2
410,I,H,-7.056,29,2
410,I,I,0,,2
410,I,K,-6.29,24.5,2
410,I,L,-0.105,24,2
410,I,M,-0.838,54.5,2
410,I,N,-7.3,55.5,2
410,I,P,-6.896,43,2
410,I,Q,-6.283,12,2
410,I,R,-7.016,27.5,2
410,I,S,-7.054,41,2
410,I,T,-5.992,79.5,2
410,I,V,-0.009009,12.5,2
410,I,W,-6.481,22.5,2
410,I,Y,-7.263,33.5,2
411,A,-,-0.1612,1,1
411,A,A,0,,2
411,A,C,-0.7006,27,2
411,A,D,-0.5721,41.5,2
411,A,E,-0.1246,22,2
411,A,F,-1.027,36,2
411,A,G,-0.03993,54,2
411,A,H,-0.7844,16,2
411,A,I,-0.7278,46,2
411,A,K,-0.387,11,2
411,A,L,-0.1742,5,2
411,A,M,-0.1835,17,2
411,A,N,-0.6367,38.5,2
411,A,P,-7.099,25,2
411,A,Q,-0.03675,7.5,2
411,A,R,-0.1002,8.5,2
411,A,S,-0.1106,31.5,2
411,A,T,-0.3592,50,2
411,A,V,-0.2722,31.5,2
411,A,W,0.006634,5.5,2
411,A,Y,-1.013,26,2
412,P,-,-0.005353,1,1
412,P,A,-2.209,21,2
412,P,C,-6.981,18,2
412,P,D,-5.12,7,2
412,P,E,-5.322,9,2
412,P,F,-6.688,16.5,2
412,P,G,-4.688,18,2
412,P,H,-5.707,28.5,2
412,P,I,-2.082,12.5,2
412,P,K,-2.087,8.5,2
412,P,L,-2.196,32,2
412,P,M,-3.44,15.5,2
412,P,N,-3.575,12.5,2
412,P,P,0,,2
412,P,Q,-4.949,25,2
412,P,R,-1.896,19.5,2
412,P,S,-2.997,15,2
412,P,T,-2.296,31.5,2
412,P,V,-1.019,13,2
412,P,W,-6.816,11,2
412,P,Y,-3.065,11,2
413,G,*,-1.114,2,2
413,G,-,-0.02923,1,1
413,G,A,-0.04802,37.5,2
413,G,C,-0.119,26.5,2
413,G,D,-0.1572,50,2
413,G,E,-0.4858,24.5,2
413,G,F,-0.03777,50.5,2
413,G,G,0,,2
413,G,H,-0.09674,28,2
413,G,I,-0.3165,35.5,2
413,G,K,-0.3344,17,2
413,G,L,-0.04703,13,2
413,G,M,-0.08111,15.5,2
413,G,N,-6.973,29.5,2
413,G,P,-6.862,24,2
413,G,Q,-0.02978,13,2
413,G,R,-0.01187,17,2
413,G,S,-0.04529,23,2
413,G,T,-0.2365,26.5,2
413,G,V,-0.2295,20,2
413,G,W,-0.04568,7.5,2
413,G,Y,-0.02017,45.5,2
414,Q,*,-0.398,4,2
414,Q,-,-0.009752,1,1
414,Q,A,0.01091,5.5,2
414,Q,C,-0.3932,5.5,2
414,Q,D,-0.8719,7,2
414,Q,E,-0.01943,14,2
414,Q,F,-0.2831,7,2
414,Q,G,-0.03366,3.5,2
414,Q,H,-0.141,52,2
414,Q,I,-0.8018,4.5,2
414,Q,K,-0.04695,12.5,2
414,Q,L,-0.494,25.5,2
414,Q,M,-0.006835,12,2
414,Q,N,-0.1443,11.5,2
414,Q,P,-5.32,13.5,2
414,Q,Q,0,,2
414,Q,R,0.006737,7,2
414,Q,S,0.01803,4.5,2
414,Q,T,-0.03223,5.5,2
414,Q,V,-0.1686,3,2
414,Q,W,-2.076,7,2
414,Q,Y,-0.2568,11,2
415,T,-,-0.008081,1,1
415,T,A,-0.03035,32,2
415,T,C,-0.2058,22,2
415,T,D,-0.07625,30.5,2
415,T,E,-0.0637,29.5,2
415,T,F,-0.04471,33,2
415,T,G,-0.02952,26.5,2
415,T,H,0.007792,56.5,2
415,T,I,-0.01735,67.5,2
415,T,K,-0.02921,51,2
415,T,L,-0.1168,25.5,2
415,T,M,-0.03439,49,2
415,T,N,-0.02044,49.5,2
415,T,P,-0.1445,44.5,2
415,T,Q,0.007286,26,2
415,T,R,-0.005047,18,2
415,T,S,-0.00617,43.5,2
415,T,T,0,,2
415,T,V,-0.01079,17,2
415,T,W,-0.1126,16,2
415,T,Y,-0.06652,43.5,2
416,G,-,0.01924,1,1
416,G,A,-2.665,50.5,2
416,G,C,-5.86,71.5,2
416,G,D,-4.062,73,2
416,G,E,-6.829,28,2
416,G,F,-6.905,42.5,2
416,G,G,0,,2
416,G,H,-3.841,47,2
416,G,I,-7.381,34,2
416,G,K,-2.861,21,2
416,G,L,-6.237,17.5,2
416,G,M,-5.274,20,2
416,G,N,-1.373,42.5,2
416,G,P,-7.031,19.5,2
416,G,Q,-3.435,17,2
416,G,R,-4.264,41.5,2
416,G,S,-1.255,67.5,2
416,G,T,-5.948,23.5,2
416,G,V,-7.021,36,2
416,G,W,-5.202,28.5,2
416,G,Y,-6.899,46.5,2
417,N,*,-0.2781,1.5,2
417,N,-,-0.02733,1.5,2
417,N,A,-0.00636,40.5,2
417,N,C,-0.1008,45.5,2
417,N,D,-0.05239,73.5,2
417,N,E,-0.02465,24.5,2
417,N,F,-0.007597,58,2
417,N,G,-0.04362,21.5,2
417,N,H,0.005574,67,2
417,N,I,0.0146,77,2
417,N,K,-0.02232,40.5,2
417,N,L,0.01309,20,2
417,N,M,-0.007065,21.5,2
417,N,N,0,,2
417,N,P,0.006676,56,2
417,N,Q,-0.02133,25.5,2
417,N,R,0.00013,35.5,2
417,N,S,-0.01519,53,2
417,N,T,0.003185,76.5,2
417,N,V,0.01436,27.5,2
417,N,W,-0.07316,27,2
417,N,Y,0.003399,56.5,2
418,I,-,-0.009216,1,2
418,I,A,-0.7675,5.5,2
418,I,C,-4.378,7.5,2
418,I,D,-5.81,21,2
418,I,E,-6.146,18,2
418,I,F,-6.639,25,2
418,I,G,-3.809,4,2
418,I,H,-7.146,10.5,2
418,I,I,0,,2
418,I,K,-7.136,39,2
418,I,L,-0.5118,14,2
418,I,M,-1.53,51.5,2
418,I,N,-5.925,26,2
418,I,P,-7.181,13.5,2
418,I,Q,-3.564,15,2
418,I,R,-6.232,20,2
418,I,S,-5.715,22.5,2
418,I,T,-0.9377,37,2
418,I,V,-0.02932,21,2
418,I,W,-7.149,17.5,2
418,I,Y,-7.171,25,2
419,A,-,-0.03825,1,2
419,A,A,0,,2
419,A,C,-0.6732,20,2
419,A,D,-6.092,20,2
419,A,E,-7.065,27,2
419,A,F,-4.637,25.5,2
419,A,G,-0.6872,19.5,2
419,A,H,-1.085,9.5,2
419,A,I,-1.073,24,2
419,A,K,-6.16,25,2
419,A,L,-6.457,24,2
419,A,M,-0.8775,22.5,2
419,A,N,-1.333,18.5,2
419,A,P,-0.04711,33,2
419,A,Q,-1.506,23,2
419,A,R,-3.745,22,2
419,A,S,-3.241,29.5,2
419,A,T,-3.856,47,2
419,A,V,-0.2344,36,2
419,A,W,-5.853,17.5,2
419,A,Y,-2.091,34.5,2
420,D,*,-1.487,3,2
420,D,-,-0.0002755,1,2
420,D,A,-0.3355,14.5,2
420,D,C,-1.304,36,2
420,D,D,0,,2
420,D,E,-0.1396,58.5,2
420,D,F,-0.226,42.5,2
420,D,G,-0.688,77,2
420,D,H,-0.2779,42,2
420,D,I,-2.188,45.5,2
420,D,K,-0.4517,60,2
420,D,L,-0.4597,30.5,2
420,D,M,-0.2976,49.5,2
420,D,N,-0.09925,68,2
420,D,P,-7.129,36.5,2
420,D,Q,-0.5574,21,2
420,D,R,-0.7609,33.5,2
420,D,S,-0.1222,43,2
420,D,T,-0.4988,43,2
420,D,V,-1.198,30.5,2
420,D,W,-0.09208,19.5,2
420,D,Y,-0.2163,82.5,2
421,Y,*,-7.221,9.5,2
421,Y,-,-0.02571,4,2
421,Y,A,-0.2582,17,2
421,Y,C,-0.8143,50,2
421,Y,D,-3.005,63,2
421,Y,E,-3.562,31,2
421,Y,F,-0.0176,94.5,2
421,Y,G,-1.401,19,2
421,Y,H,-0.07325,83,2
421,Y,I,-0.4135,84.5,2
421,Y,K,-0.2901,41,2
421,Y,L,-0.1258,47,2
421,Y,M,-0.1713,53.5,2
421,Y,N,-0.04877,73,2
421,Y,P,-7.027,32,2
421,Y,Q,-0.8418,33.5,2
421,Y,R,-0.7003,49.5,2
421,Y,S,-0.3849,56,2
421,Y,T,-1.2,56.5,2
421,Y,V,-0.7236,37.5,2
421,Y,W,-0.1711,32.5,2
421,Y,Y,0,,2
422,N,-,-0.03123,4,2
422,N,A,-2.109,20.5,2
422,N,C,-5.905,55,2
422,N,D,-6.47,31.5,2
422,N,E,-6.934,26.5,2
422,N,F,-7.066,56.5,2
422,N,G,-3.221,30,2
422,N,H,-6.109,50.5,2
422,N,I,-6.783,46,2
422,N,K,-6.851,45,2
422,N,L,-7.269,12.5,2
422,N,M,-5.453,21.5,2
422,N,N,0,,2
422,N,P,-6.929,39.5,2
422,N,Q,-5.752,10.5,2
422,N,R,-7.211,18.5,2
422,N,S,-0.9935,44.5,2
422,N,T,-7.123,62,2
422,N,V,-4.982,12.5,2
422,N,W,-6.074,19,2
422,N,Y,-7.359,48,2
423,Y,*,-0.09467,1,1
423,Y,-,-0.03808,3.5,2
423,Y,A,-6.939,37.5,2
423,Y,C,-7.185,44.5,2
423,Y,D,-7.201,47,2
423,Y,E,-5.851,16,2
423,Y,F,-0.3734,40.5,2
423,Y,G,-7.295,17.5,2
423,Y,H,-7.159,38,2
423,Y,I,-5.394,35.5,2
423,Y,K,-6.117,13.5,2
423,Y,L,-7.022,19,2
423,Y,M,-5.061,16.5,2
423,Y,N,-7.258,49.5,2
423,Y,P,-7.21,41,2
423,Y,Q,-6.904,16,2
423,Y,R,-0.1521,1.5,2
423,Y,S,-5.264,22,2
423,Y,T,-6.756,23,2
423,Y,V,-6.594,16.5,2
423,Y,W,-5.649,19.5,2
423,Y,Y,0,,2
424,K,*,0.02219,2,1
424,K,-,0.007789,3.5,2
424,K,A,-0.3008,9,2
424,K,C,-0.8748,25.5,2
424,K,D,-6.808,23,2
424,K,E,-5.609,19.5,2
424,K,F,-2.062,29,2
424,K,G,-0.4289,9.5,2
424,K,H,-0.1543,23.5,2
424,K,I,-6.6,23.5,2
424,K,K,0,,2
424,K,L,-1.787,10.5,2
424,K,M,-0.6734,27.5,2
424,K,N,-0.2265,46,2
424,K,P,-4.136,16.5,2
424,K,Q,-0.8512,18,2
424,K,R,-0.02638,25,2
424,K,S,-0.4094,16,2
424,K,T,-6.809,33,2
424,K,V,-1.031,10.5,2
424,K,W,-6.293,12.5,2
424,K,Y,-1.744,40,2
425,L,-,-0.03052,3.5,2
425,L,A,-4.054,8,2
425,L,C,-1.591,21.5,2
425,L,D,-3.51,14,2
425,L,E,-5.932,18.5,2
425,L,F,-0.3106,10,2
425,L,G,-5.853,10,2
425,L,H,-7.236,24,2
425,L,I,0.00387,10,2
425,L,K,-7.058,28,2
425,L,L,0,,2
425,L,M,-0.03527,34.5,2
425,L,N,-6.031,16.5,2
425,L,P,-5.458,14,2
425,L,Q,-7.178,35,2
425,L,R,-7.013,25.5,2
425,L,S,-5.463,12.5,2
425,L,T,-0.7565,13,2
425,L,V,-0.04798,27,2
425,L,W,-6.005,28.5,2
425,L,Y,-6.157,16.5,2
426,P,-,-0.03838,3.5,2
426,P,A,-0.05056,17.5,2
426,P,C,-2.449,8.5,2
426,P,D,-0.3802,18.5,2
426,P,E,-1.635,13.5,2
426,P,F,-4.144,27.5,2
426,P,G,-0.3807,9,2
426,P,H,-0.7883,34.5,2
426,P,I,-1.421,40.5,2
426,P,K,-0.6473,26,2
426,P,L,-1.594,31,2
426,P,M,-1.392,26,2
426,P,N,-0.3389,35.5,2
426,P,P,0,,2
426,P,Q,-1.115,37.5,2
426,P,R,-0.451,15,2
426,P,S,-0.08151,23,2
426,P,T,-0.2806,36,2
426,P,V,-0.6461,11.5,2
426,P,W,-3.191,7.5,2
426,P,Y,-3.305,23,2
427,D,-,-0.08913,3.5,2
427,D,A,-0.02074,33.5,2
427,D,C,-1.062,10.5,2
427,D,D,0,,2
427,D,E,-0.007891,13,2
427,D,F,-0.06809,29.5,2
427,D,G,-0.05672,17.5,2
427,D,H,-0.05553,32,2
427,D,I,-0.02241,36.5,2
427,D,K,-0.09022,31,2
427,D,L,-0.001065,28.5,2
427,D,M,-0.008802,20,2
427,D,N,-0.1403,39,2
427,D,P,-0.01749,8.5,2
427,D,Q,-0.04675,21,2
427,D,R,-0.005485,18,2
427,D,S,-0.01997,19.5,2
427,D,T,-0.01736,22.5,2
427,D,V,-0.179,1,1
427,D,W,-0.00636,24,2
427,D,Y,-0.02387,30,2
428,D,-,0.004553,3.5,2
428,D,A,-0.07475,31.5,2
428,D,C,-0.6157,10,2
428,D,D,0,,2
428,D,E,-0.03682,18.5,2
428,D,F,-0.07231,18.5,2
428,D,G,-0.1718,29,2
428,D,H,-0.152,9.5,2
428,D,I,-0.08921,15,2
428,D,K,-0.00385,6,2
428,D,L,-0.01761,2.5,2
428,D,M,-0.03126,5,2
428,D,N,-6.23,29,2
428,D,P,-0.2621,13,2
428,D,Q,0.01332,1.5,2
428,D,R,-0.03797,5.5,2
428,D,S,-0.04253,12,2
428,D,T,-0.1638,15.5,2
428,D,V,-0.1842,6,2
428,D,W,-0.232,5.5,2
428,D,Y,-0.06393,26.5,2
429,F,-,-0.01826,3.5,2
429,F,A,-4.024,12,2
429,F,C,-6.725,46,2
429,F,D,-7.106,25,2
429,F,E,-4.109,13,2
429,F,F,0,,2
429,F,G,-6.881,20.5,2
429,F,H,-0.1325,9.5,2
429,F,I,-0.3019,34,2
429,F,K,-6.411,10.5,2
429,F,L,-0.2087,12,2
429,F,M,-0.3118,12.5,2
429,F,N,-5.913,18,2
429,F,P,-3.599,13.5,2
429,F,Q,-4.892,17,2
429,F,R,-5.698,8.5,2
429,F,S,-7.014,24,2
429,F,T,-1.146,12,2
429,F,V,-0.4112,14.5,2
429,F,W,-0.01559,14,2
429,F,Y,-0.1534,23.5,2
430,T,-,-0.01183,3.5,2
430,T,A,-0.05298,18.5,2
430,T,C,-0.05514,19.5,2
430,T,D,-0.5561,25.5,2
430,T,E,-0.6588,13,2
430,T,F,-0.003949,37.5,2
430,T,G,-1.365,13,2
430,T,H,-2.931,23.5,2
430,T,I,-0.00866,50,2
430,T,K,-5.733,39.5,2
430,T,L,-0.0218,25,2
430,T,M,-0.009719,58,2
430,T,N,-0.06533,23.5,2
430,T,P,-2.392,16,2
430,T,Q,-0.07498,17,2
430,T,R,-5.435,10,2
430,T,S,-0.05409,17,2
430,T,T,0,,2
430,T,V,-0.003975,13.5,2
430,T,W,-3.369,17,2
430,T,Y,-4.197,43,2
431,G,-,-0.01634,3.5,2
431,G,A,-7.128,52.5,2
431,G,C,-7.202,55,2
431,G,D,-6.626,55,2
431,G,E,-5.871,25.5,2
431,G,F,-7.195,21.5,2
431,G,G,0,,2
431,G,H,-4.891,15,2
431,G,I,-7.179,23,2
431,G,K,-6.872,11,2
431,G,L,-7.219,10.5,2
431,G,M,-6.144,12.5,2
431,G,N,-6.863,23,2
431,G,P,-7.287,12,2
431,G,Q,-4.067,7,2
431,G,R,-7.194,20,2
431,G,S,-7.218,43.5,2
431,G,T,-7.034,36.5,2
431,G,V,-7.183,21.5,2
431,G,W,-7.066,20,2
431,G,Y,-7.364,35,2
432,C,*,-0.05805,1,2
432,C,-,0.00209,3.5,2
432,C,A,-4.188,8.5,2
432,C,C,0,,2
432,C,D,-2.188,4,2
432,C,E,-0.9318,2.5,2
432,C,F,-6.361,19,2
432,C,G,-5.896,6,2
432,C,H,-5.478,9.5,2
432,C,I,-4.801,3,1
432,C,K,0.01482,3,1
432,C,L,-3.394,22,2
432,C,M,-4.97,7.5,2
432,C,N,-1.087,1,1
432,C,P,-5.774,8,2
432,C,Q,-0.4766,4.5,2
432,C,R,-7.179,12,2
432,C,S,-3.512,7,2
432,C,T,-1.644,3.5,2
432,C,V,-2.188,13,2
432,C,W,-5.712,28.5,2
432,C,Y,-6.337,14.5,2
433,V,-,-0.08233,3,2
433,V,A,-0.2139,3.5,2
433,V,C,-1.371,2,2
433,V,D,-0.01089,1,2
433,V,E,-5.843,21,2
433,V,F,-1.058,5.5,2
433,V,G,-1.915,6,2
433,V,H,-0.4595,1.5,2
433,V,I,-0.7197,2,2
433,V,K,-0.3088,10,2
433,V,L,-0.9306,19,2
433,V,M,-0.2026,34,2
433,V,N,-0.1008,1.5,2
433,V,P,-0.0746,1,2
433,V,Q,-3.564,8,2
433,V,R,-5.621,13,2
433,V,S,-1.154,1.5,2
433,V,T,-0.3314,1,1
433,V,V,0,,2
433,V,W,-4.882,8,2
434,I,-,-0.1014,3,2
434,I,A,-0.167,3.5,2
434,I,C,-0.1672,7.5,2
434,I,D,-3.42,7,2
434,I,E,-7.114,11,2
434,I,F,-0.001966,12.5,2
434,I,G,-0.3565,10.5,2
434,I,H,-0.06934,1.5,2
434,I,I,0,,2
434,I,K,-3.244,10,2
434,I,L,-0.05902,11.5,2
434,I,M,-0.01702,33,2
434,I,N,-2.569,7,2
434,I,P,-2.883,2.5,2
434,I,Q,-0.7854,5.5,2
434,I,R,-7.003,26,2
434,I,S,-1.159,15,2
434,I,T,-0.2334,3,1
434,I,V,-0.04376,15.5,2
434,I,W,0.001834,14.5,2
434,I,Y,-0.2818,6.5,2
435,A,-,-0.00215,3,2
435,A,A,0,,2
435,A,C,-0.2672,27.5,2
435,A,D,-3.511,66,2
435,A,E,-4.178,33,2
435,A,F,-2.053,27,2
435,A,G,-0.1873,37,2
435,A,H,-0.7079,18.5,2
435,A,I,-0.2045,35.5,2
435,A,K,-7.233,22,2
435,A,L,-0.1766,8.5,2
435,A,M,-0.1638,18.5,2
435,A,N,-1.179,37.5,2
435,A,P,-2.588,44.5,2
435,A,Q,-0.5619,20,2
435,A,R,-6.996,17.5,2
435,A,S,-0.009645,61.5,2
435,A,T,-0.06386,76.5,2
435,A,V,-0.08133,33.5,2
435,A,W,-0.655,25,2
435,A,Y,-0.6158,41,2
436,W,*,-6.157,19.5,2
436,W,-,0.0108,4,2
436,W,A,-1.781,2.5,2
436,W,C,-0.9929,19,2
436,W,D,-3.062,7,2
436,W,E,-3.259,21,2
436,W,F,-0.07609,23,2
436,W,G,-0.7798,7.5,2
436,W,H,-0.5724,6,2
436,W,I,-0.2304,16.5,2
436,W,K,-0.536,27,2
436,W,L,-0.3663,20.5,2
436,W,M,-0.08005,39,2
436,W,N,-6.882,11,2
436,W,P,-0.8835,5,2
436,W,Q,-0.3403,31,2
436,W,R,-0.3644,106,2
436,W,S,-0.5003,10,2
436,W,T,-0.7619,8.5,2
436,W,V,-0.2834,20.5,2
436,W,W,0,,2
436,W,Y,-0.04444,17.5,2
437,N,-,-0.0089,4,2
437,N,A,-0.5272,18,2
437,N,C,-1.192,21.5,2
437,N,D,-0.4387,43.5,2
437,N,E,-0.252,11.5,2
437,N,F,-5.547,17.5,2
437,N,G,-0.1588,13.5,2
437,N,H,-0.5818,33.5,2
437,N,I,-3.645,31.5,2
437,N,K,-0.5554,48.5,2
437,N,L,-1.482,8,2
437,N,M,-1.726,13,2
437,N,N,0,,2
437,N,P,-0.1182,36,2
437,N,Q,-0.04845,7,2
437,N,R,-2.647,8,2
437,N,S,-0.4496,34,2
437,N,T,-1.333,33,2
437,N,V,-1.305,3.5,2
437,N,W,-5.189,7,2
437,N,Y,-5.011,43.5,2
438,S,-,-0.02031,3,2
438,S,A,-0.1185,15.5,2
438,S,C,-1.413,53.5,2
438,S,D,-1.157,25.5,2
438,S,E,-0.8043,6,2
438,S,F,-3.975,44,2
438,S,G,-0.4187,36.5,2
438,S,H,-0.6394,14,2
438,S,I,-3.84,49.5,2
438,S,K,-1.566,26,2
438,S,L,-3.875,7,2
438,S,M,-1.623,25,2
438,S,N,-0.5932,81,2
438,S,P,-1.777,8,2
438,S,Q,-1.135,10,2
438,S,R,-1.295,24,2
438,S,S,0,,2
438,S,T,-0.1436,18.5,2
438,S,V,-0.3707,4.5,2
438,S,W,-3.843,7.5,2
438,S,Y,-2.251,41.5,2
439,N,-,-0.02133,3,2
439,N,A,-0.07941,9,2
439,N,C,-0.1836,3.5,2
439,N,D,-0.04041,24.5,2
439,N,E,0.0106,1.5,2
439,N,F,-0.08743,11.5,2
439,N,G,-0.3561,11,2
439,N,H,-0.03503,16.5,2
439,N,I,-0.1899,27.5,2
439,N,K,-0.06788,35.5,2
439,N,L,-0.03117,2.5,2
439,N,M,-0.03345,9,2
439,N,N,0,,2
439,N,P,-0.8358,13,2
439,N,Q,0.01445,3,1
439,N,R,-0.1847,4,2
439,N,S,-0.3157,30,2
439,N,T,-0.4728,27,2
439,N,V,-0.09479,2,2
439,N,W,-0.05991,2,1
439,N,Y,-0.136,28,2
440,K,*,-2.273,2.5,2
440,K,-,-0.01033,3.5,2
440,K,A,-0.009045,8.5,2
440,K,C,-0.973,8.5,2
440,K,D,-0.0005045,13,2
440,K,E,0.007449,39,2
440,K,F,-0.373,12.5,2
440,K,G,0.003689,8,2
440,K,H,-0.009375,10,2
440,K,I,-0.03057,22.5,2
440,K,K,0,,2
440,K,L,-0.04292,15.5,2
440,K,M,-0.1231,30.5,2
440,K,N,0.006275,37,2
440,K,P,-0.03113,11,2
440,K,Q,0.00586,31.5,2
440,K,R,-0.0112,34.5,2
440,K,S,-0.002725,14.5,2
440,K,T,-0.08206,16.5,2
440,K,V,-0.0253,13.5,2
440,K,W,-0.3023,20,2
440,K,Y,-0.1191,17,2
441,L,-,0.01656,4,2
441,L,A,-0.03942,12,2
441,L,C,-0.3428,13.5,2
441,L,D,-0.005735,14.5,2
441,L,E,-0.07307,38.5,2
441,L,F,-0.03141,16.5,2
441,L,G,-0.2214,4.5,2
441,L,H,-0.03432,35,2
441,L,I,-0.01468,16.5,2
441,L,K,-0.01808,31.5,2
441,L,L,0,,2
441,L,M,-0.009054,58,2
441,L,N,-0.05221,13,2
441,L,P,-0.1478,40,2
441,L,Q,-0.006572,93.5,2
441,L,R,-0.01353,40.5,2
441,L,S,-0.8831,5,2
441,L,T,-0.1281,23,2
441,L,V,-0.004786,63.5,2
441,L,W,0.007808,29.5,2
441,L,Y,0.000266,17.5,2
442,D,-,0.003383,3.5,2
442,D,A,-2.89,41,2
442,D,C,-7.17,24,2
442,D,D,0,,2
442,D,E,-0.8612,56.5,2
442,D,F,-3.345,19,2
442,D,G,-2.27,11.5,2
442,D,H,-2.548,38,2
442,D,I,-1.45,26,2
442,D,K,-4.22,20.5,2
442,D,L,-0.9477,8,2
442,D,M,-1.929,14,2
442,D,N,-2.179,58,2
442,D,P,-4.329,15.5,2
442,D,Q,-0.9034,4.5,2
442,D,R,-3.291,17,2
442,D,S,-3.552,29.5,2
442,D,T,-2.504,36.5,2
442,D,V,-2.484,33.5,2
442,D,W,-3.054,11,2
442,D,Y,-2.407,68,2
443,S,-,-0.02181,4,2
443,S,A,-0.003648,23,2
443,S,C,-0.9151,16.5,2
443,S,D,-0.5976,26,2
443,S,E,-1.872,11.5,2
443,S,F,-2.138,10,2
443,S,G,-0.1197,46,2
443,S,H,-0.8581,19.5,2
443,S,I,-0.4983,55,2
443,S,K,-1.057,12,2
443,S,L,0.02066,2,1
443,S,M,0.005986,6,2
443,S,N,-0.1789,64.5,2
443,S,P,-1.703,16,2
443,S,Q,-0.7008,8.5,2
443,S,R,-1.558,28,2
443,S,S,0,,2
443,S,T,-0.118,61,2
443,S,V,-0.03671,3,2
443,S,W,-0.8604,1,2
443,S,Y,-0.3143,6.5,2
444,K,*,-2.301,3,2
444,K,-,-1.123,24,2
444,K,A,0.01098,16.5,2
444,K,C,-0.179,7,2
444,K,D,-0.05463,19,2
444,K,E,-0.05487,39,2
444,K,F,-0.03137,12,2
444,K,G,-0.1933,15.5,2
444,K,H,-0.006244,21,2
444,K,I,0.004654,16,2
444,K,K,0,,2
444,K,L,-0.01694,8,2
444,K,M,-0.01262,17.5,2
444,K,N,-0.01661,33.5,2
444,K,P,-0.1154,10,2
444,K,Q,-0.01506,16,2
444,K,R,-0.008389,29,2
444,K,S,0.003539,33.5,2
444,K,T,-0.01094,24.5,2
444,K,V,-0.0692,6,2
444,K,W,-0.1013,14,2
444,K,Y,-0.02866,25,2
445,P,-,-0.4533,32,2
445,P,A,-0.04652,42.5,2
445,P,C,-2.603,24,2
445,P,D,-0.02669,59.5,2
445,P,E,-0.06873,15,2
445,P,F,-0.1197,32.5,2
445,P,G,-0.05427,17.5,2
445,P,H,-0.01435,59.5,2
445,P,I,-0.04995,33,2
445,P,K,-0.1118,13,2
445,P,L,-0.04185,23.5,2
445,P,M,-0.009248,20,2
445,P,N,-0.1071,31,2
445,P,P,0,,2
445,P,Q,-0.05752,11.5,2
445,P,R,-0.1162,24.5,2
445,P,S,-0.02473,34,2
445,P,T,-0.02005,85.5,2
445,P,V,-0.0219,17,2
445,P,W,-0.2775,17.5,2
445,P,Y,-0.03616,36.5,2
446,S,-,-0.312,46,2
446,S,A,-0.002182,23,2
446,S,C,-2.353,57,2
446,S,D,0.007118,31.5,2
446,S,E,0.01488,7.5,2
446,S,F,-0.02781,18,2
446,S,G,0.004775,83,2
446,S,H,-0.002332,29,2
446,S,I,-0.0648,50,2
446,S,K,-0.03532,10,2
446,S,L,0.01458,11.5,2
446,S,M,-0.00863,15.5,2
446,S,N,0.005904,59.5,2
446,S,P,-0.2871,23.5,2
446,S,Q,-0.005955,13,2
446,S,R,-0.0456,41.5,2
446,S,S,0,,2
446,S,T,0.00011,43.5,2
446,S,V,-0.03772,9.5,2
446,S,W,-0.01093,15,2
446,S,Y,-0.01206,22.5,2
447,G,-,-0.3085,60.5,2
447,G,A,-0.1179,57,2
447,G,C,-0.9672,85,2
447,G,D,-0.3859,88,2
447,G,E,-0.3272,35.5,2
447,G,F,-0.8223,38,2
447,G,G,0,,2
447,G,H,-0.4173,28,2
447,G,I,-0.2536,54.5,2
447,G,K,-0.3308,32.5,2
447,G,L,-0.2256,25.5,2
447,G,M,-0.4879,22.5,2
447,G,N,-0.1569,55,2
447,G,P,-0.5411,15,2
447,G,Q,-0.08767,18.5,2
447,G,R,-0.2032,33,2
447,G,S,-0.1454,67.5,2
447,G,T,-0.1765,27,2
447,G,V,-0.2837,34.5,2
447,G,W,-0.9282,30.5,2
447,G,Y,-0.271,40,2
448,N,-,-0.1117,57.5,2
448,N,A,-0.02723,52.5,2
448,N,C,-0.8553,33,2
448,N,D,-0.1487,75,2
448,N,E,-0.0315,33.5,2
448,N,F,-1.122,46,2
448,N,G,-0.2039,38,2
448,N,H,-0.151,49,2
448,N,I,-0.6187,64.5,2
448,N,K,-0.1616,49.5,2
448,N,L,-0.5716,14.5,2
448,N,M,-0.05718,33.5,2
448,N,N,0,,2
448,N,P,-0.1565,58.5,2
448,N,Q,-0.06316,28.5,2
448,N,R,-0.1403,40,2
448,N,S,-0.05019,52.5,2
448,N,T,-0.07284,103,2
448,N,V,-0.242,20,2
448,N,W,-1.179,10,2
448,N,Y,-0.3244,73.5,2
449,Y,*,-6.813,5,2
449,Y,-,-0.04006,33.5,2
449,Y,A,0.01561,11.5,2
449,Y,C,-0.1809,57.5,2
449,Y,D,0.005463,61.5,2
449,Y,E,-0.01331,21,2
449,Y,F,-0.009605,96.5,2
449,Y,G,-0.01189,30.5,2
449,Y,H,0.01016,75.5,2
449,Y,I,-0.05681,72,2
449,Y,K,-0.03717,29.5,2
449,Y,L,-0.02789,11.5,2
449,Y,M,-0.001204,27.5,2
449,Y,N,0.007593,99,2
449,Y,P,-0.01577,21.5,2
449,Y,Q,0.009942,15,2
449,Y,R,-0.0257,14.5,2
449,Y,S,0.01201,34,2
449,Y,T,0.0134,40.5,2
449,Y,V,-0.02755,10,2
449,Y,W,-0.03842,18.5,2
449,Y,Y,0,,2
450,N,*,-0.6664,2.5,2
450,N,-,0.0003259,1,1
450,N,A,-0.008984,19.5,2
450,N,C,-0.749,17,2
450,N,D,-0.003491,46.5,2
450,N,E,0.002466,23,2
450,N,F,-0.06154,62,2
450,N,G,-0.01018,25,2
450,N,H,-0.01037,47,2
450,N,I,-0.04927,67,2
450,N,K,-0.003811,61,2
450,N,L,0.002506,12.5,2
450,N,M,-0.02232,31.5,2
450,N,N,0,,2
450,N,P,-0.3326,35,2
450,N,Q,-0.008755,11.5,2
450,N,R,-0.0132,23.5,2
450,N,S,-0.2841,48,2
450,N,T,-0.1736,48.5,2
450,N,V,-0.06332,8.5,2
450,N,W,-0.05147,9,2
450,N,Y,-0.04167,93,2
451,Y,*,-5.111,9,2
451,Y,-,-0.05794,2,2
451,Y,A,-0.2004,26,2
451,Y,C,-0.9081,40.5,2
451,Y,D,-6.01,44.5,2
451,Y,E,-5.288,31,2
451,Y,F,-0.004865,50,2
451,Y,G,-1.801,35,2
451,Y,H,-0.07302,42.5,2
451,Y,I,-0.06604,54,2
451,Y,K,-0.121,41,2
451,Y,L,-0.001052,25.5,2
451,Y,M,-0.05694,25,2
451,Y,N,-0.3306,44.5,2
451,Y,P,-0.7485,36.5,2
451,Y,Q,-0.1009,28,2
451,Y,R,-0.5753,9,2
451,Y,S,-0.4061,33.5,2
451,Y,T,-0.4572,42,2
451,Y,V,-0.08069,21,2
451,Y,W,-1.606,17,2
451,Y,Y,0,,2
452,L,-,-0.08503,2.5,2
452,L,A,-0.0184,21.5,2
452,L,C,-0.1151,30.5,2
452,L,D,-0.03819,29.5,2
452,L,E,-0.03481,23,2
452,L,F,0.005073,68,2
452,L,G,-0.0158,28.5,2
452,L,H,0.009657,47.5,2
452,L,I,-0.03438,66,2
452,L,K,0.01737,31.5,2
452,L,L,0,,2
452,L,M,0.004384,33.5,2
452,L,N,-0.01385,42,2
452,L,P,-3.808,49.5,2
452,L,Q,0.01116,32.5,2
452,L,R,0.0166,26,2
452,L,S,-0.04464,36.5,2
452,L,T,-0.02753,32,2
452,L,V,-0.008766,15.5,2
452,L,W,0.01464,10.5,2
452,L,Y,0.01205,44.5,2
453,Y,*,-5.836,4.5,2
453,Y,-,-0.0838,1,1
453,Y,A,-0.08386,26.5,2
453,Y,C,-0.436,33,2
453,Y,D,-7.069,40.5,2
453,Y,E,-1.35,19,2
453,Y,F,0.002828,35.5,2
453,Y,G,-1.162,18,2
453,Y,H,-0.02416,32.5,2
453,Y,I,-0.5058,30,2
453,Y,K,-0.06466,17.5,2
453,Y,L,-0.3396,17,2
453,Y,M,-0.0561,14.5,2
453,Y,N,-0.7969,39.5,2
453,Y,P,-7.006,24.5,2
453,Y,Q,-0.2538,20.5,2
453,Y,R,0.006619,13.5,2
453,Y,S,-0.0368,33.5,2
453,Y,T,-0.4435,28,2
453,Y,V,-0.1822,14.5,2
453,Y,W,-0.07694,20.5,2
453,Y,Y,0,,2
454,R,*,-0.4887,3,1
454,R,A,-1.224,4.5,2
454,R,C,-7.178,23,2
454,R,D,-4.922,16,2
454,R,E,-5.871,8.5,2
454,R,F,-7.072,13,2
454,R,G,-6.963,13,2
454,R,H,-5.566,10.5,2
454,R,I,-6.94,35.5,2
454,R,K,-0.5022,26,2
454,R,L,-0.06527,3,2
454,R,M,-6.792,33,2
454,R,N,-4.809,32.5,2
454,R,P,-2.134,6,2
454,R,Q,-2.448,4,2
454,R,R,0,,2
454,R,S,-5.941,24.5,2
454,R,T,-7.077,20,2
454,R,V,-6.216,10,2
454,R,W,-6.9,13.5,2
454,R,Y,-7.34,16,2
455,L,*,-1.684,4,2
455,L,A,-0.01536,10,2
455,L,C,-0.3799,18.5,2
455,L,D,0.01079,6.5,2
455,L,E,-0.01762,26,2
455,L,F,-0.009089,22,2
455,L,G,-0.2388,5,2
455,L,H,-0.01486,18.5,2
455,L,I,-0.01435,27,2
455,L,K,-0.01522,31,2
455,L,L,0,,2
455,L,M,0.002885,66.5,2
455,L,N,-0.05072,25,2
455,L,P,-0.04082,42,2
455,L,Q,0.0005065,77.5,2
455,L,R,-0.008789,34,2
455,L,S,0.01869,11,2
455,L,T,0.01151,15.5,2
455,L,V,0.003844,33.5,2
455,L,W,-0.0159,23.5,2
455,L,Y,-0.04322,24.5,2
456,F,*,-0.03457,1,1
456,F,A,-0.03859,19.5,2
456,F,C,-0.8718,39.5,2
456,F,D,-0.3206,21.5,2
456,F,E,-0.2613,3.5,2
456,F,F,0,,2
456,F,G,-0.04856,25.5,2
456,F,H,-0.007945,21,2
456,F,I,-0.01674,42.5,2
456,F,K,-0.3327,5,2
456,F,L,-0.005981,20.5,2
456,F,M,-0.02137,10.5,2
456,F,N,-0.07023,37.5,2
456,F,P,-0.3238,22.5,2
456,F,Q,0.01151,5,1
456,F,R,-0.07055,18.5,2
456,F,S,-0.1154,38.5,2
456,F,T,-0.07535,27.5,2
456,F,V,-0.05482,20.5,2
456,F,W,-0.0039,17,2
456,F,Y,-0.04841,24.5,2
457,R,-,-0.2572,1,1
457,R,A,-0.5718,8,2
457,R,C,-6.99,8.5,2
457,R,D,-5.805,7.5,2
457,R,E,-7.132,18.5,2
457,R,F,-6.239,14.5,2
457,R,G,-0.2176,22.5,2
457,R,H,-0.4989,11,2
457,R,I,-6.863,13,2
457,R,K,-0.5197,25,2
457,R,L,-2.02,17.5,2
457,R,M,-1.976,40,2
457,R,N,-0.7312,16,2
457,R,P,-0.3927,4.5,2
457,R,Q,-2.544,21.5,2
457,R,R,0,,2
457,R,S,-0.3012,19.5,2
457,R,T,-1.736,16,2
457,R,V,-6.928,16.5,2
457,R,W,-6.352,29.5,2
457,R,Y,-4.703,13.5,2
458,K,A,-0.0166,6.5,2
458,K,C,-0.0144,3.5,2
458,K,D,-0.06452,11,2
458,K,E,-0.03235,46.5,2
458,K,F,-0.4114,10.5,2
458,K,G,-0.02901,6.5,2
458,K,H,0.00144,5.5,2
458,K,I,-0.1498,19,2
458,K,K,0,,2
458,K,L,-0.01471,11.5,2
458,K,M,-0.08417,56.5,2
458,K,N,-0.009422,28.5,2
458,K,P,-0.02298,6.5,2
458,K,Q,-0.04529,28,2
458,K,R,-0.006896,46.5,2
458,K,S,-0.0202,12,2
458,K,T,-0.01933,13.5,2
458,K,V,-0.07913,23.5,2
458,K,W,-0.4032,22.5,2
458,K,Y,-0.08849,26.5,2
459,S,A,0.005314,14,2
459,S,C,-0.137,44.5,2
459,S,D,-0.000189,39,2
459,S,E,-0.01202,27,2
459,S,F,-0.06851,45,2
459,S,G,-0.03716,33.5,2
459,S,H,0.01034,22,2
459,S,I,-0.03063,61.5,2
459,S,K,-0.007566,28.5,2
459,S,L,-0.12,12,2
459,S,M,-0.1072,26,2
459,S,N,0.004204,48,2
459,S,P,-0.02272,10,2
459,S,Q,0.00335,15.5,2
459,S,R,-0.01646,46,2
459,S,S,0,,2
459,S,T,-0.002826,46.5,2
459,S,V,-0.02096,10.5,2
459,S,W,-0.03606,29.5,2
459,S,Y,-0.04115,43.5,2
460,K,*,-7.091,11,2
460,K,A,-0.09342,12.5,2
460,K,C,-0.3911,8.5,2
460,K,D,-0.1822,22,2
460,K,E,-0.1436,50,2
460,K,F,-0.1232,3.5,2
460,K,G,-0.4676,11.5,2
460,K,H,-0.03665,8.5,2
460,K,I,-0.05132,12,2
460,K,K,0,,2
460,K,L,-0.173,34,2
460,K,M,-0.1457,32,2
460,K,N,-0.08586,26.5,2
460,K,P,-0.002013,6,2
460,K,Q,-0.07483,52.5,2
460,K,R,-0.02024,45.5,2
460,K,S,-0.08293,26,2
460,K,T,-0.06828,24.5,2
460,K,V,-0.04124,24,2
460,K,W,-0.5508,46.5,2
460,K,Y,-0.17,15.5,2
461,L,A,-1.667,7.5,2
461,L,C,-3.068,14,2
461,L,D,-3.65,6,2
461,L,E,-6.364,16,2
461,L,F,-0.5409,15,2
461,L,G,-0.7443,4.5,2
461,L,H,-1.895,18.5,2
461,L,I,-0.01985,14,2
461,L,K,-6.962,28,2
461,L,L,0,,2
461,L,M,-0.03363,36.5,2
461,L,N,-0.8353,10.5,2
461,L,P,-5.891,9.5,2
461,L,Q,-2.204,45.5,2
461,L,R,-6.135,28.5,2
461,L,S,-3.692,14.5,2
461,L,T,-1.052,9.5,2
461,L,V,-0.04763,28,2
461,L,W,-5.986,20,2
461,L,Y,-3.111,14,2
462,K,*,-1.747,3,2
462,K,A,-0.008846,11.5,2
462,K,C,-0.2938,13.5,2
462,K,D,-0.0421,19,2
462,K,E,-0.0606,25.5,2
462,K,F,-0.1542,30.5,2
462,K,G,-0.08327,8.5,2
462,K,H,-0.05615,27,2
462,K,I,-0.1042,36.5,2
462,K,K,0,,2
462,K,L,0.01344,10.5,2
462,K,M,0.002345,39,2
462,K,N,-0.02948,80,2
462,K,P,-0.09956,15,2
462,K,Q,-0.02901,20,2
462,K,R,-0.00126,24.5,2
462,K,S,-0.05833,32.5,2
462,K,T,-0.02253,35,2
462,K,V,-0.01494,12,2
462,K,W,-0.1535,14.5,2
462,K,Y,-0.08744,32,2
463,P,A,-0.03671,18,2
463,P,C,-1.438,14,2
463,P,D,-0.9869,14,2
463,P,E,-0.5888,16.5,2
463,P,F,-0.3795,24.5,2
463,P,G,-0.2069,9.5,2
463,P,H,-0.4429,41,2
463,P,I,-1.53,26.5,2
463,P,K,-0.628,39,2
463,P,L,-3.717,49,2
463,P,M,-0.716,28,2
463,P,N,-0.4923,27.5,2
463,P,P,0,,2
463,P,Q,-0.5287,25,2
463,P,R,-0.8817,14,2
463,P,S,-0.1788,18.5,2
463,P,T,-0.4454,47,2
463,P,V,-0.2147,15.5,2
463,P,W,-2.067,17.5,2
463,P,Y,-0.3458,36,2
464,F,A,-0.2803,10.5,2
464,F,C,-0.7871,25,2
464,F,D,-0.7135,21,2
464,F,E,-0.8171,26,2
464,F,F,0,,2
464,F,G,-0.1074,12.5,2
464,F,H,-0.04352,20.5,2
464,F,I,-0.6901,37,2
464,F,K,-0.4087,18.5,2
464,F,L,-0.1411,29.5,2
464,F,M,-0.02003,23.5,2
464,F,N,-0.09198,20,2
464,F,P,-6.718,7,2
464,F,Q,-0.02032,26.5,2
464,F,R,-0.1954,28.5,2
464,F,S,-0.2262,15.5,2
464,F,T,-0.4036,9,2
464,F,V,-0.4551,29,2
464,F,W,-0.01043,32.5,2
464,F,Y,0.009974,31,2
465,E,*,-0.03442,4,2
465,E,A,-0.1728,24.5,2
465,E,C,-1.924,18.5,2
465,E,D,-0.1422,70.5,2
465,E,E,0,,2
465,E,F,-1.762,13.5,2
465,E,G,-0.05401,21,2
465,E,H,-0.2969,16.5,2
465,E,I,-3.634,39.5,2
465,E,K,-0.8677,78.5,2
465,E,L,-3.208,25,2
465,E,M,-1.304,54.5,2
465,E,N,-2.006,27,2
465,E,P,-6.742,13,2
465,E,Q,-0.06618,45.5,2
465,E,R,-0.4521,36,2
465,E,S,-0.2646,15,2
465,E,T,-0.4628,23.5,2
465,E,V,-1.03,31.5,2
465,E,W,-4.996,30.5,2
465,E,Y,-0.8098,43,2
466,R,*,0.0206,1,1
466,R,A,-0.3421,11.5,2
466,R,C,-1.788,19,2
466,R,D,-3.037,20,2
466,R,E,-1.665,36,2
466,R,F,-0.9918,14.5,2
466,R,G,-2.157,40.5,2
466,R,H,-0.1142,9.5,2
466,R,I,-0.3863,9.5,2
466,R,K,-0.0555,43.5,2
466,R,L,-0.1191,14.5,2
466,R,M,-0.1187,40,2
466,R,N,-1.832,17,2
466,R,P,-2.632,16,2
466,R,Q,-0.139,44.5,2
466,R,R,0,,2
466,R,S,-0.3387,38,2
466,R,T,-0.5761,26.5,2
466,R,V,-0.1653,32.5,2
466,R,W,-0.5434,65.5,2
466,R,Y,-0.3687,19,2
467,D,A,-1.299,33.5,2
467,D,C,-4.187,8,2
467,D,D,0,,2
467,D,E,-0.5931,36.5,2
467,D,F,-2.72,35.5,2
467,D,G,-2.692,41,2
467,D,H,-1.469,19.5,2
467,D,I,-1.69,39,2
467,D,K,-4.934,22,2
467,D,L,-3.079,3.5,2
467,D,M,-3.353,25.5,2
467,D,N,-3.367,42.5,2
467,D,P,-1.906,21.5,2
467,D,Q,-1.908,5.5,2
467,D,R,-5.126,8,2
467,D,S,-1.228,20,2
467,D,T,-3.223,28,2
467,D,V,-1.435,18.5,2
467,D,W,-3.958,6.5,2
467,D,Y,-1.81,49.5,2
468,I,*,-0.04168,1,1
468,I,A,-0.0453,20,2
468,I,C,-0.395,26.5,2
468,I,D,-0.1529,23.5,2
468,I,E,-0.08158,23.5,2
468,I,F,-0.08875,54.5,2
468,I,G,-0.1191,25,2
468,I,H,-0.02709,19.5,2
468,I,I,0,,2
468,I,K,-0.1242,28.5,2
468,I,L,-0.002294,35,2
468,I,M,-0.009079,39.5,2
468,I,N,-6.633,60.5,2
468,I,P,-0.07644,25.5,2
468,I,Q,-0.1533,25.5,2
468,I,R,-0.1044,33.5,2
468,I,S,-0.07998,43,2
468,I,T,0.005724,44.5,2
468,I,V,0.004113,29.5,2
468,I,W,-0.1289,18,2
468,I,Y,-0.1225,32.5,2
469,S,A,-0.1128,40.5,2
469,S,C,-0.6824,58,2
469,S,D,-0.07297,20.5,2
469,S,E,-0.1287,18,2
469,S,F,-0.2414,20.5,2
469,S,G,-0.006154,63.5,2
469,S,H,-0.2394,24.5,2
469,S,I,-0.3257,36,2
469,S,K,-0.1962,27.5,2
469,S,L,-0.2652,14,2
469,S,M,-0.1961,16.5,2
469,S,N,-0.05379,49,2
469,S,P,-1.193,24,2
469,S,Q,-0.08434,24.5,2
469,S,R,-0.1348,25,2
469,S,S,0,,2
469,S,T,-0.04932,26,2
469,S,V,-0.6849,16,2
469,S,W,-0.1002,15,2
469,S,Y,-0.3544,23,2
470,T,-,0.01174,1,1
470,T,A,-0.02233,30.5,2
470,T,C,-0.2485,28.5,2
470,T,D,-0.01724,38.5,2
470,T,E,-0.03579,39.5,2
470,T,F,-0.04704,32.5,2
470,T,G,-0.04348,20.5,2
470,T,H,-0.0124,42,2
470,T,I,-0.03102,44.5,2
470,T,K,-0.01583,30,2
470,T,L,-0.007735,19.5,2
470,T,M,-0.03029,55.5,2
470,T,N,-0.01584,50,2
470,T,P,-0.07258,21,2
470,T,Q,-0.06709,28.5,2
470,T,R,0.006397,37,2
470,T,S,-0.01311,31,2
470,T,T,0,,2
470,T,V,-0.01885,32.5,2
470,T,W,-0.0938,25,2
470,T,Y,-0.04718,76,2
471,E,*,-1.866,2.5,2
471,E,A,-0.1968,14.5,2
471,E,C,-0.1978,14.5,2
471,E,D,-0.02612,47.5,2
471,E,E,0,,2
471,E,F,-0.1842,26.5,2
471,E,G,-0.002549,16.5,2
471,E,H,-0.1062,22,2
471,E,I,-0.07628,39.5,2
471,E,K,-0.06247,75.5,2
471,E,L,-0.1904,31,2
471,E,M,-0.05376,35,2
471,E,N,0.01511,21.5,2
471,E,P,-0.1203,9.5,2
471,E,Q,-0.0433,63,2
471,E,R,-0.0675,59.5,2
471,E,S,-0.03345,21,2
471,E,T,-0.1341,17.5,2
471,E,V,-0.06915,80.5,2
471,E,W,-0.3208,52.5,2
471,E,Y,-0.1466,37,2
472,I,*,-0.4831,3,1
472,I,A,-0.05262,6,2
472,I,C,-0.1483,4,2
472,I,D,-0.6223,13,2
472,I,E,-0.4322,11.5,2
472,I,F,-0.04199,26.5,2
472,I,G,-0.229,6,2
472,I,H,-0.003185,15,2
472,I,I,0,,2
472,I,K,-0.133,25,2
472,I,L,-0.00038,16.5,2
472,I,M,-0.01644,41,2
472,I,N,-0.1243,34.5,2
472,I,P,0.006056,8,2
472,I,Q,-0.07762,6,2
472,I,R,-0.1361,29.5,2
472,I,S,-0.2183,23.5,2
472,I,T,-0.09738,25,2
472,I,V,-0.06654,9,2
472,I,W,-0.06955,11,2
472,I,Y,-0.05366,26,2
473,Y,*,-2.202,5.5,2
473,Y,A,-0.1857,36.5,2
473,Y,C,-0.9858,36,2
473,Y,D,-0.1897,58.5,2
473,Y,E,-0.05307,28.5,2
473,Y,F,-0.004735,87.5,2
473,Y,G,-0.1935,32,2
473,Y,H,-0.02033,75.5,2
473,Y,I,-0.02679,84.5,2
473,Y,K,-0.2887,42,2
473,Y,L,-0.06073,17,2
473,Y,M,-0.03807,23.5,2
473,Y,N,-0.2395,88,2
473,Y,P,-2.285,41,2
473,Y,Q,-0.2781,22,2
473,Y,R,-0.2002,30,2
473,Y,S,-0.233,48.5,2
473,Y,T,-0.1873,56,2
473,Y,V,-0.01801,9.5,2
473,Y,W,-0.07376,36,2
473,Y,Y,0,,2
474,Q,*,-1.391,7,2
474,Q,A,0.01022,2,2
474,Q,C,-0.8151,10.5,2
474,Q,D,-0.1148,8.5,2
474,Q,E,-0.05485,37,2
474,Q,F,-0.1512,14,2
474,Q,G,-0.02504,4,2
474,Q,H,-0.1231,39,2
474,Q,I,-0.1826,6,2
474,Q,K,-0.0346,47.5,2
474,Q,L,-0.2079,52,2
474,Q,M,-0.03332,24,2
474,Q,N,-0.02206,13.5,2
474,Q,P,-0.02001,12.5,2
474,Q,Q,0,,2
474,Q,R,-0.08718,56.5,2
474,Q,S,-0.009025,12,2
474,Q,T,-0.1428,11.5,2
474,Q,V,-0.09299,30.5,2
474,Q,W,-0.3539,31,2
474,Q,Y,-0.2423,17,2
475,A,*,-0.1884,1,1
475,A,A,0,,2
475,A,C,-0.5457,23,2
475,A,D,-0.05838,19.5,2
475,A,E,-0.01113,23,2
475,A,F,-0.01927,21,2
475,A,G,-0.01686,33.5,2
475,A,H,-0.02232,22,2
475,A,I,-0.004755,19,2
475,A,K,-0.06907,23,2
475,A,L,-0.04852,23.5,2
475,A,M,-0.02274,20.5,2
475,A,N,-0.01834,13,2
475,A,P,-0.1265,32.5,2
475,A,Q,-0.01495,12,2
475,A,R,-0.06961,15,2
475,A,S,-0.01057,34,2
475,A,T,-0.06434,28,2
475,A,V,-0.00863,38,2
475,A,W,-0.1847,10.5,2
475,A,Y,-0.02385,20,2
476,G,A,-0.02529,29.5,2
476,G,C,-0.9775,21.5,2
476,G,D,-0.04841,75.5,2
476,G,E,-0.1349,20.5,2
476,G,F,-0.2681,14,2
476,G,G,0,,2
476,G,H,-0.06727,13,2
476,G,I,-0.1482,21.5,2
476,G,K,-0.2137,19.5,2
476,G,L,-0.3364,7.5,2
476,G,M,-0.2302,13,2
476,G,N,-0.159,27.5,2
476,G,P,-0.879,10,2
476,G,Q,-0.1173,8.5,2
476,G,R,-0.1566,20.5,2
476,G,S,-0.01834,35,2
476,G,T,-0.000156,25.5,2
476,G,V,-0.135,9.5,2
476,G,W,-0.02294,4,2
476,G,Y,-0.2093,20.5,2
477,N,*,-0.0706,1.5,2
477,N,A,0.01259,7,2
477,N,C,-0.2247,13,2
477,N,D,0.004999,34,2
477,N,E,0.01106,6,2
477,N,F,-0.06566,13.5,2
477,N,G,-0.002614,13,2
477,N,H,-0.01627,16,2
477,N,I,-0.0252,38,2
477,N,K,-0.01165,20.5,2
477,N,L,-0.04249,6,2
477,N,M,-0.009275,9,2
477,N,N,0,,2
477,N,P,0.007286,16,2
477,N,Q,0.003194,2,2
477,N,R,-0.03606,11,2
477,N,S,-0.0245,37,2
477,N,T,-0.001137,44,2
477,N,V,-0.008205,8,2
477,N,W,0.01552,1.5,2
477,N,Y,-0.02836,40.5,2
478,K,*,-5.516,6,2
478,K,A,-0.03824,6.5,2
478,K,C,-0.3272,6.5,2
478,K,D,-0.004849,18.5,2
478,K,E,0.001925,45,2
478,K,F,-0.0478,7.5,2
478,K,G,-0.04433,9.5,2
478,K,H,-0.03122,6.5,2
478,K,I,-0.03818,17.5,2
478,K,K,0,,2
478,K,L,-0.03545,17.5,2
478,K,M,-0.001368,41,2
478,K,N,-0.01357,49,2
478,K,P,-0.2932,7.5,2
478,K,Q,0.004994,19.5,2
478,K,R,-0.003948,35,2
478,K,S,0.01526,8.5,2
478,K,T,-0.008445,17,2
478,K,V,-0.007383,22,2
478,K,W,-0.03621,16.5,2
478,K,Y,-0.02735,27,2
479,P,A,-0.005245,10,2
479,P,C,-0.8736,8,2
479,P,D,-0.01878,14,2
479,P,E,-0.04882,12.5,2
479,P,F,-0.1582,13.5,2
479,P,G,-0.1919,6,2
479,P,H,-0.0453,18,2
479,P,I,-0.05815,26.5,2
479,P,K,-0.009145,13,2
479,P,L,-0.08151,22.5,2
479,P,M,-0.03058,21.5,2
479,P,N,-0.03133,14.5,2
479,P,P,0,,2
479,P,Q,-0.01397,33,2
479,P,R,-0.1102,13,2
479,P,S,0.009798,19,2
479,P,T,0.000194,28,2
479,P,V,-0.08466,9.5,2
479,P,W,-0.2717,8,2
479,P,Y,-0.2001,31.5,2
480,C,*,-0.2415,2,1
480,C,A,-2.745,5.5,2
480,C,C,0,,2
480,C,D,-3.805,12,2
480,C,E,-4.505,13.5,2
480,C,F,-5.699,25,2
480,C,G,-2.656,9,2
480,C,H,-0.6891,1,2
480,C,I,-5.778,15.5,2
480,C,K,-3.192,21.5,2
480,C,L,-0.04559,1.5,2
480,C,M,-4.414,45.5,2
480,C,N,-4.122,19,2
480,C,P,0.01859,1,2
480,C,Q,-1.329,3.5,2
480,C,R,-3.768,15.5,2
480,C,S,-3.144,10,2
480,C,T,-1.915,7,2
480,C,V,-3.948,16.5,2
480,C,W,-4.73,22.5,2
480,C,Y,-4.308,39,2
481,N,-,-0.01521,1,1
481,N,A,-0.01763,17,2
481,N,C,-0.3822,18,2
481,N,D,0.00015,26.5,2
481,N,E,-0.001759,38,2
481,N,F,-0.02626,40,2
481,N,G,-0.05495,17.5,2
481,N,H,0.002484,26.5,2
481,N,I,-0.07949,46,2
481,N,K,-0.001017,70,2
481,N,L,-0.008045,15.5,2
481,N,M,-0.03899,36.5,2
481,N,N,0,,2
481,N,P,-0.05915,18,2
481,N,Q,-0.01568,26,2
481,N,R,0.00336,30,2
481,N,S,-0.03352,36,2
481,N,T,-0.04549,38,2
481,N,V,-0.05807,23.5,2
481,N,W,-0.04329,26,2
481,N,Y,-0.05956,30.5,2
482,G,*,-0.1013,4,2
482,G,-,-4.34e-05,2,1
482,G,A,-0.1272,38,2
482,G,C,-0.496,71,2
482,G,D,-0.02566,86,2
482,G,E,-0.04586,116,2
482,G,F,-0.1558,118,2
482,G,G,0,,2
482,G,H,-0.06935,35.5,2
482,G,I,-0.1341,78.5,2
482,G,K,-0.05172,69,2
482,G,L,-0.1683,83,2
482,G,M,-0.07537,79,2
482,G,N,-0.03603,35,2
482,G,P,-0.1921,26,2
482,G,Q,-0.02126,76,2
482,G,R,-0.01915,93.5,2
482,G,S,-0.04453,57.5,2
482,G,T,-0.0588,51.5,2
482,G,V,-0.1738,90.5,2
482,G,W,-0.2218,94,2
482,G,Y,-0.2579,48,2
483,V,*,-1.039,3,2
483,V,-,-0.02474,63.5,2
483,V,A,-0.01619,31,2
483,V,C,-0.3221,53,2
483,V,D,-0.02723,43.5,2
483,V,E,-0.001226,146,2
483,V,F,-0.0386,29,2
483,V,G,-0.0223,57,2
483,V,H,0.00889,18.5,2
483,V,I,-0.01614,31.5,2
483,V,K,0.01009,58.5,2
483,V,L,-0.0152,119.5,2
483,V,M,-0.004554,156.5,2
483,V,N,0.008064,19.5,2
483,V,P,-0.1374,25,2
483,V,Q,0.002816,52.5,2
483,V,R,-0.02578,59.5,2
483,V,S,0.0102,37,2
483,V,T,0.01209,35,2
483,V,V,0,,2
483,V,W,-0.05711,81,2
483,V,Y,-0.0334,35.5,2
484,A,-,0.002112,38.5,2
484,A,A,0,,2
484,A,C,-0.3972,55.5,2
484,A,D,-0.02441,90.5,2
484,A,E,-1.214,24,2
484,A,F,-0.0763,67.5,2
484,A,G,-0.05325,89.5,2
484,A,H,-0.0308,53.5,2
484,A,I,0.004398,63,2
484,A,K,-0.0008775,35.5,2
484,A,L,-0.00521,31,2
484,A,M,-0.03585,26.5,2
484,A,N,-0.03755,66.5,2
484,A,P,-0.00114,138,2
484,A,Q,0.007484,21,2
484,A,R,-0.05133,23,2
484,A,S,-0.0159,94.5,2
484,A,T,0.002392,144,2
484,A,V,-0.001365,62,2
484,A,W,-0.09922,16,2
484,A,Y,-0.07469,61.5,2
485,G,-,-0.04106,36.5,2
485,G,A,-0.04898,87.5,2
485,G,C,-1.484,67,2
485,G,D,-0.03067,85,2
485,G,E,-0.02064,24,2
485,G,F,-0.1803,31,2
485,G,G,0,,2
485,G,H,-0.09867,23,2
485,G,I,-0.2085,33,2
485,G,K,-0.06929,11,2
485,G,L,-0.09056,8.5,2
485,G,M,-0.2326,5.5,2
485,G,N,-0.0757,27.5,2
485,G,P,-0.003391,36,2
485,G,Q,-0.007058,9.5,2
485,G,R,-0.07622,37.5,2
485,G,S,-0.04211,92,2
485,G,T,-0.03395,31,2
485,G,V,-0.08359,42,2
485,G,W,-0.03362,33.5,2
485,G,Y,-0.09064,31.5,2
486,P,*,0.01728,1,1
486,P,-,-0.193,38,2
486,P,A,-0.01561,87,2
486,P,C,-0.9521,38,2
486,P,D,-0.05849,53,2
486,P,E,-0.01375,23.5,2
486,P,F,-0.06114,36,2
486,P,G,-0.02524,17.5,2
486,P,H,-0.015,123,2
486,P,I,-0.04588,42.5,2
486,P,K,-0.02762,21,2
486,P,L,-0.0574,46.5,2
486,P,M,-0.0707,18,2
486,P,N,-0.03427,48.5,2
486,P,P,0,,2
486,P,Q,-0.01888,48,2
486,P,R,-0.009485,25,2
486,P,S,-0.03349,65,2
486,P,T,-0.03643,114,2
486,P,V,-0.01477,38,2
486,P,W,-0.1193,37,2
486,P,Y,-0.05783,30.5,2
487,N,-,0.01153,2,1
487,N,A,-0.007249,76.5,2
487,N,C,-0.6317,98,2
487,N,D,-0.0005605,143.5,2
487,N,E,-0.002113,105.5,2
487,N,F,-0.04063,100.5,2
487,N,G,0.009077,61.5,2
487,N,H,-0.02044,136,2
487,N,I,-0.2333,127.5,2
487,N,K,-0.01286,128,2
487,N,L,-0.01224,63.5,2
487,N,M,-0.01424,87,2
487,N,N,0,,2
487,N,P,-0.3115,79.5,2
487,N,Q,-0.004273,77.5,2
487,N,R,-0.03624,93,2
487,N,S,-0.006988,181,2
487,N,T,-0.01959,123.5,2
487,N,V,-0.1814,71,2
487,N,W,-0.03784,74.5,2
487,N,Y,-0.02663,151.5,2
488,C,-,0.01847,3,1
488,C,A,-3.079,27.5,2
488,C,C,0,,2
488,C,D,-5.835,44,2
488,C,E,-3.162,51.5,2
488,C,F,-5.812,47.5,2
488,C,G,-2.76,42,2
488,C,H,-3.495,58.5,2
488,C,I,-6.162,29.5,2
488,C,K,-4.152,50.5,2
488,C,L,-4.288,67,2
488,C,M,-3.012,61,2
488,C,N,-1.813,37,2
488,C,P,-7.123,33,2
488,C,Q,-2.399,38,2
488,C,R,-3.772,55.5,2
488,C,S,-2.045,56,2
488,C,T,-2.444,23.5,2
488,C,V,-5.796,76,2
488,C,W,-7.112,130,2
488,C,Y,-6.711,69.5,2
489,Y,*,-2.313,2,1
489,Y,-,-0.01341,1.5,2
489,Y,A,-0.1525,31.5,2
489,Y,C,-5.915,55,2
489,Y,D,-0.75,48,2
489,Y,E,-0.1355,19,2
489,Y,F,0.005045,126,2
489,Y,G,-1.647,18.5,2
489,Y,H,-0.01094,47,2
489,Y,I,-0.01427,60,2
489,Y,K,-1.233,38.5,2
489,Y,L,-0.1357,10,2
489,Y,M,-0.07117,37,2
489,Y,N,-0.1462,89,2
489,Y,P,-0.0511,26,2
489,Y,Q,-0.06003,23,2
489,Y,R,-1.278,19.5,2
489,Y,S,-7.301,36,2
489,Y,T,-7.114,22.5,2
489,Y,V,-0.02834,11.5,2
489,Y,W,-0.00784,17,2
489,Y,Y,0,,2
490,F,*,-2.308,3,2
490,F,-,-0.08936,2,1
490,F,A,0.002024,8.5,2
490,F,C,-0.1655,16,2
490,F,D,-0.07895,19.5,2
490,F,E,0.000303,20.5,2
490,F,F,0,,2
490,F,G,0.01217,5.5,2
490,F,H,-0.003837,15,2
490,F,I,-0.0376,47,2
490,F,K,-0.01303,25,2
490,F,L,-0.02279,22,2
490,F,M,-0.008013,34.5,2
490,F,N,-0.005962,28,2
490,F,P,-0.00223,6,2
490,F,Q,-0.009356,12,2
490,F,R,-0.01444,12,2
490,F,S,-0.02459,25,2
490,F,T,-0.03456,16.5,2
490,F,V,-0.0812,12.5,2
490,F,W,-0.1095,17.5,2
490,F,Y,-0.006391,50.5,2
491,P,-,-0.05471,2,1
491,P,A,-0.02841,13.5,2
491,P,C,-2.635,26,2
491,P,D,-1.255,17.5,2
491,P,E,-0.4877,17,2
491,P,F,-1.015,29,2
491,P,G,-0.04977,8.5,2
491,P,H,-0.8968,33,2
491,P,I,-1.272,31,2
491,P,K,-1.173,29,2
491,P,L,-1.113,36.5,2
491,P,M,-0.657,27.5,2
491,P,N,-0.3429,41,2
491,P,P,0,,2
491,P,Q,-0.4597,24,2
491,P,R,-1.259,20,2
491,P,S,-0.2563,27,2
491,P,T,-0.1182,25,2
491,P,V,-0.8218,16,2
491,P,W,-1.288,14,2
491,P,Y,-1.28,26.5,2
492,L,-,-0.005646,2,1
492,L,A,-3.577,13,2
492,L,C,-2.74,26,2
492,L,D,-6.788,21.5,2
492,L,E,-5.186,10.5,2
492,L,F,-0.086,42,2
492,L,G,-6.133,19.5,2
492,L,H,-0.4284,44.5,2
492,L,I,-0.1594,32,2
492,L,K,-1.461,11,2
492,L,L,0,,2
492,L,M,-0.0873,15,2
492,L,N,-2.096,22.5,2
492,L,P,-4.316,33,2
492,L,Q,-1.328,22.5,2
492,L,R,-0.7697,8,2
492,L,T,-0.4086,26.5,2
492,L,V,-0.2065,14,2
492,L,W,-2.435,11.5,2
492,L,Y,-0.604,27,2
493,Q,*,-0.05738,3,2
493,Q,-,0.003257,2,1
493,Q,A,0.01892,3,2
493,Q,C,-0.1285,11.5,2
493,Q,D,-0.09839,13,2
493,Q,E,-0.01722,8,2
493,Q,F,-0.02128,12.5,2
493,Q,G,-0.08707,6,2
493,Q,H,-0.05086,30.5,2
493,Q,I,-0.05269,9.5,2
493,Q,K,-0.02108,18,2
493,Q,L,-0.02594,19,2
493,Q,M,-0.03907,13,2
493,Q,N,-0.04182,17.5,2
493,Q,P,-0.9171,9.5,2
493,Q,Q,0,,2
493,Q,R,1.15e-05,15,2
493,Q,S,0.004074,13.5,2
493,Q,T,-0.05107,16.5,2
493,Q,V,0.007333,6.5,2
493,Q,W,-0.1076,27,2
493,Q,Y,-0.04517,14,2
494,S,*,-7.231,4,1
494,S,-,-0.0162,2,1
494,S,A,-0.005582,18.5,2
494,S,C,-0.6573,19,2
494,S,D,-0.1914,16.5,2
494,S,E,-0.08441,8,2
494,S,F,-0.09413,48.5,2
494,S,G,-0.03832,11,2
494,S,H,-0.03807,23,2
494,S,I,-0.4531,30,2
494,S,K,0.009983,7.5,2
494,S,L,-0.2767,12,2
494,S,M,-0.3339,9,2
494,S,N,-0.005037,22.5,2
494,S,P,0.008219,21,2
494,S,Q,-0.00755,7,2
494,S,R,-0.01673,6,2
494,S,S,0,,2
494,S,T,-0.03811,37.5,2
494,S,V,-0.2215,7,2
494,S,W,-0.274,9,2
494,S,Y,-0.0886,29.5,2
495,Y,-,-0.05059,2,1
495,Y,A,-1.952,10,2
495,Y,C,-6.28,14,2
495,Y,D,-3.708,23.5,2
495,Y,E,-2.738,25,2
495,Y,F,-0.2504,22,2
495,Y,G,-3.554,17.5,2
495,Y,H,-1.41,37,2
495,Y,I,-1.998,25.5,2
495,Y,K,-4.928,26.5,2
495,Y,L,-2.432,15.5,2
495,Y,M,-0.718,25.5,2
495,Y,N,-2.323,20.5,2
495,Y,P,-1.042,16.5,2
495,Y,Q,-2.862,14,2
495,Y,R,-2.009,15.5,2
495,Y,S,-3.538,20,2
495,Y,T,-2.789,13,2
495,Y,V,-1.372,27.5,2
495,Y,W,-1.103,24,2
495,Y,Y,0,,2
496,G,-,0.004059,2,1
496,G,A,-0.007383,23.5,2
496,G,C,-0.3508,65.5,2
496,G,D,-0.01292,75,2
496,G,E,-0.0475,36,2
496,G,F,-0.09981,38.5,2
496,G,G,0,,2
496,G,H,-0.02181,34,2
496,G,I,0.01497,23.5,2
496,G,K,-0.03037,21,2
496,G,L,-0.2061,20.5,2
496,G,M,-0.0303,30.5,2
496,G,N,0.007806,40.5,2
496,G,P,-0.453,21,2
496,G,Q,-0.01672,20,2
496,G,R,-0.05168,26.5,2
496,G,S,-0.0146,89,2
496,G,T,-0.05053,34,2
496,G,V,-0.00953,40.5,2
496,G,W,-0.1174,25.5,2
496,G,Y,-0.02412,26.5,2
497,F,-,-0.01444,2,1
497,F,A,-3.747,9,2
497,F,C,-6.572,13,2
497,F,D,-6.194,13.5,2
497,F,E,-6.458,11,2
497,F,F,0,,2
497,F,G,-1.867,6.5,2
497,F,H,-0.916,4.5,2
497,F,I,-4.032,30,2
497,F,K,-6.969,23,2
497,F,L,-3.143,7.5,2
497,F,M,-2.074,16.5,2
497,F,N,-3.369,27,2
497,F,P,-4.596,6.5,2
497,F,Q,-0.02087,1,2
497,F,R,-0.862,3,2
497,F,S,-2.799,17.5,2
497,F,T,-3.445,23,2
497,F,V,-3.011,10,2
497,F,W,-0.2668,7,2
497,F,Y,-0.8871,22.5,2
498,R,*,-0.1875,1.5,2
498,R,-,0.004136,2,1
498,R,A,-0.08759,4.5,2
498,R,C,-2.068,10.5,2
498,R,D,-6.821,6.5,2
498,R,E,-0.7155,16.5,2
498,R,F,-0.007456,7,2
498,R,G,-0.6549,52.5,2
498,R,H,-0.1497,8,2
498,R,I,-0.114,16.5,2
498,R,K,-9.5e-05,24.5,2
498,R,L,-0.1645,20.5,2
498,R,M,-0.1023,31,2
498,R,N,-0.1361,19,2
498,R,P,-6.658,6,2
498,R,Q,-0.03547,11.5,2
498,R,R,0,,2
498,R,S,-0.04355,29,2
498,R,T,-0.3116,14.5,2
498,R,V,-0.08343,18,2
498,R,W,-0.259,35.5,2
498,R,Y,-0.003165,6,2
499,P,-,-0.09036,2,1
499,P,A,-0.02887,19,2
499,P,C,-2.793,4,2
499,P,D,-0.3648,12.5,2
499,P,E,-0.04061,20.5,2
499,P,F,-0.1502,14.5,2
499,P,G,-0.07465,7.5,2
499,P,H,-0.06169,33,2
499,P,I,-0.458,12,2
499,P,K,-0.1358,11,2
499,P,L,-0.3581,33,2
499,P,M,-0.2019,19.5,2
499,P,N,-0.03862,16.5,2
499,P,P,0,,2
499,P,Q,-0.03733,37.5,2
499,P,R,-0.3101,9,2
499,P,S,-0.03173,20.5,2
499,P,T,-0.1171,25,2
499,P,V,-0.2974,15.5,2
499,P,W,-0.2611,13.5,2
499,P,Y,-0.1243,19,2
500,T,-,-0.008283,2,1
500,T,A,-0.03369,36,2
500,T,C,-0.9725,19.5,2
500,T,D,-0.02192,42,2
500,T,E,-0.01828,10,2
500,T,F,-0.0402,17.5,2
500,T,G,0.008404,29.5,2
500,T,H,-0.01343,20,2
500,T,I,-0.1815,31,2
500,T,K,-0.0222,16,2
500,T,L,-0.06852,5.5,2
500,T,M,0.00049,17,2
500,T,N,-0.01149,52.5,2
500,T,P,-0.4666,26,2
500,T,Q,0.002226,9,2
500,T,R,-0.1839,11,2
500,T,S,-0.01495,47.5,2
500,T,T,0,,2
500,T,V,-0.02362,8.5,2
500,T,W,-0.1249,5,2
500,T,Y,-0.01564,23,2
501,Y,*,-4.254,6.5,2
501,Y,-,-0.262,1,1
501,Y,A,-0.001664,34.5,2
501,Y,C,-3.216,86.5,2
501,Y,D,0.01127,90.5,2
501,Y,E,-0.01125,46.5,2
501,Y,F,-0.01456,89.5,2
501,Y,G,-0.08262,69.5,2
501,Y,H,-0.009359,57.5,2
501,Y,I,-0.08898,51,2
501,Y,K,-1.103,33.5,2
501,Y,L,-0.000868,24.5,2
501,Y,M,-0.00417,25.5,2
501,Y,N,-0.01871,103.5,2
501,Y,P,-0.3363,40.5,2
501,Y,Q,-0.01213,21,2
501,Y,R,-7.043,26,2
501,Y,S,-0.003963,63,2
501,Y,T,-0.00145,42,2
501,Y,V,-0.04097,43,2
501,Y,W,-0.0315,60,2
501,Y,Y,0,,2
502,G,*,-1.019,2,1
502,G,-,-0.1959,1,1
502,G,A,-0.006274,34,2
502,G,C,-2.481,34.5,2
502,G,D,-0.01629,21.5,2
502,G,E,-0.01412,14.5,2
502,G,F,-0.1065,41,2
502,G,G,0,,2
502,G,H,-0.00204,9,2
502,G,I,-0.08064,28.5,2
502,G,K,0.017,1,2
502,G,L,-0.05733,2,2
502,G,M,-0.3346,2,2
502,G,N,-0.5935,6,2
502,G,P,0.006399,11,2
502,G,R,-0.433,8.5,2
502,G,S,-0.01167,26.5,2
502,G,T,-0.06908,19.5,2
502,G,V,-0.1452,13.5,2
502,G,W,-0.4484,8,2
502,G,Y,-0.4794,24.5,2
503,V,-,-0.7645,1,1
503,V,A,-0.02336,30,2
503,V,C,-1.813,41.5,2
503,V,D,0.01652,28.5,2
503,V,E,0.006908,93.5,2
503,V,F,-0.03642,14.5,2
503,V,G,-0.3399,30,2
503,V,H,-0.0015,22.5,2
503,V,I,-0.01117,19,2
503,V,K,-0.09868,28.5,2
503,V,L,0.002134,50.5,2
503,V,M,0.002071,71,2
503,V,N,0.001925,16,2
503,V,P,0.01564,12,2
503,V,Q,0.01168,29.5,2
503,V,R,-0.00554,47,2
503,V,S,-0.01994,20.5,2
503,V,T,0.004864,28.5,2
503,V,V,0,,2
503,V,W,0.001855,33,2
503,V,Y,-0.07422,13,2
504,G,A,0.00069,41.5,2
504,G,C,-0.4113,55,2
504,G,D,0.005979,74,2
504,G,E,-0.03779,21.5,2
504,G,F,-0.09683,13.5,2
504,G,G,0,,2
504,G,H,-0.1302,9,2
504,G,I,0.01109,17,2
504,G,K,-0.01078,9,2
504,G,L,-0.01528,3,2
504,G,M,-0.03828,10,2
504,G,N,-0.09305,17.5,2
504,G,P,-0.06221,7,2
504,G,Q,-0.1088,4,1
504,G,R,-0.0728,25,2
504,G,S,-0.03566,61,2
504,G,T,-0.001868,9,2
504,G,V,-0.1396,16,2
504,G,W,-0.03626,16.5,2
504,G,Y,-0.01785,15.5,2
505,H,*,-0.1162,1,1
505,H,A,-0.02448,32,2
505,H,C,-1.177,45.5,2
505,H,D,0.006773,57.5,2
505,H,E,-0.01365,22,2
505,H,F,0.00116,30,2
505,H,G,-0.04995,34.5,2
505,H,H,0,,2
505,H,I,-0.3729,30.5,2
505,H,K,-0.04069,24,2
505,H,L,0.003148,44,2
505,H,M,-0.05335,7,2
505,H,N,-0.003155,52.5,2
505,H,P,-1.145,64.5,2
505,H,Q,-0.006647,83.5,2
505,H,R,-0.06066,39.5,2
505,H,S,-0.002239,40.5,2
505,H,T,-0.07142,45,2
505,H,V,-0.07926,13.5,2
505,H,W,-0.02886,28,2
505,H,Y,0.001266,83.5,2
506,Q,*,-1.71,1.5,2
506,Q,A,-0.2268,6.5,2
506,Q,C,-3.013,5,2
506,Q,D,-0.8028,9,2
506,Q,E,-0.597,20,2
506,Q,F,-2.638,11.5,2
506,Q,G,-0.5415,5.5,2
506,Q,H,-0.2666,53,2
506,Q,I,-0.9417,8,2
506,Q,K,-1.909,28.5,2
506,Q,L,-0.6653,29.5,2
506,Q,M,-0.2312,15.5,2
506,Q,N,-0.6996,18,2
506,Q,P,-6.474,17,2
506,Q,Q,0,,2
506,Q,R,-1.83,5,2
506,Q,S,0.00372,5,2
506,Q,T,-1.078,13.5,2
506,Q,V,-1.612,11.5,2
506,Q,W,-2.333,8.5,2
506,Q,Y,-3.434,21,2
507,P,A,-0.05889,17,2
507,P,C,-1.032,8,2
507,P,D,-3.314,8.5,2
507,P,E,-6.255,9,2
507,P,F,-5.577,13.5,2
507,P,G,-2.997,6,2
507,P,H,-7.156,13,2
507,P,I,-2.4,17,2
507,P,K,-7.2,14.5,2
507,P,L,-3.95,16,2
507,P,M,-2.244,11,2
507,P,N,-6.905,17,2
507,P,P,0,,2
507,P,Q,-5.708,27,2
507,P,R,-6.84,7,2
507,P,S,-0.4975,14.5,2
507,P,T,-4.146,26,2
507,P,V,-5.42,8.5,2
507,P,W,-3.912,6,2
507,P,Y,-6.525,15,2
508,Y,*,-1.338,1,2
508,Y,A,-0.01168,2,2
508,Y,C,-0.09986,11,2
508,Y,D,-4.959,3,2
508,Y,E,-1.92,2,2
508,Y,F,-0.06434,7,2
508,Y,G,-0.9754,3.5,2
508,Y,H,0.0047,6,2
508,Y,I,-0.03567,1.5,2
508,Y,K,-0.6428,2,2
508,Y,L,-0.07769,1,1
508,Y,M,0.001747,1,2
508,Y,N,-0.1482,7,2
508,Y,P,0.00402,1.5,2
508,Y,Q,0.0114,1,1
508,Y,R,-0.1112,2,2
508,Y,S,-0.03216,4.5,2
508,Y,T,-0.004674,2.5,2
508,Y,V,-0.04741,13.5,2
508,Y,W,-0.03952,1,2
508,Y,Y,0,,2
509,R,-,-2.242,1,1
509,R,A,-3.479,6,2
509,R,C,-3.357,10,2
509,R,D,-6.862,12.5,2
509,R,E,-3.567,16.5,2
509,R,F,-2.115,7,2
509,R,G,-6.645,28.5,2
509,R,H,-0.2123,2,1
509,R,I,-5.645,13.5,2
509,R,K,-0.9513,35,2
509,R,L,-5.805,6.5,2
509,R,M,-7.117,29,2
509,R,N,-3.332,12.5,2
509,R,P,-0.5904,3,2
509,R,Q,-2.696,5.5,2
509,R,R,0,,2
509,R,S,-6.963,26,2
509,R,T,-0.0328,6,1
509,R,V,-7.152,12,2
509,R,W,-6.96,27,2
509,R,Y,-6.79,9.5,2
510,V,-,-3.889,9,2
510,V,A,-0.7327,7.5,2
510,V,C,-0.146,15,2
510,V,D,-6.383,12.5,2
510,V,E,-6.992,43,2
510,V,F,-1.687,21.5,2
510,V,G,-7.131,19,2
510,V,H,-0.4754,1,1
510,V,I,-0.03571,20.5,2
510,V,K,-5.762,34,2
510,V,L,-0.2394,45,2
510,V,M,-0.1998,50.5,2
510,V,N,-2.751,12.5,2
510,V,P,-6.879,6.5,2
510,V,Q,-7.427,15.5,2
510,V,R,-5.859,27,2
510,V,S,-1.321,13,2
510,V,T,-0.2342,4.5,2
510,V,V,0,,2
510,V,W,-7.144,28,2
510,V,Y,-6.495,14,2
511,V,A,-0.5533,16.5,2
511,V,C,-0.5887,26,2
511,V,D,-6.921,20,2
511,V,E,-7.053,43,2
511,V,F,-1.376,18.5,2
511,V,G,-4.941,23,2
511,V,H,-3.384,3.5,2
511,V,I,-0.3179,17.5,2
511,V,K,-7.166,26,2
511,V,L,-0.3634,21,2
511,V,M,-0.6106,45.5,2
511,V,N,-6.29,12.5,2
511,V,P,-2.036,7.5,2
511,V,Q,-6.596,12,2
511,V,R,-7.106,41,2
511,V,S,-1.388,18,2
511,V,T,-0.1311,9.5,2
511,V,V,0,,2
511,V,W,-6.351,40.5,2
511,V,Y,-6.509,18.5,2
512,V,A,-0.09773,3.5,2
512,V,C,-0.7762,21,2
512,V,D,-7.22,10.5,2
512,V,E,-7.124,36.5,2
512,V,F,-5.253,9.5,2
512,V,G,-6.628,20,2
512,V,H,-3.311,4,2
512,V,I,-0.08827,15.5,2
512,V,K,-6.593,18.5,2
512,V,L,-5.709,40,2
512,V,M,-7.031,36.5,2
512,V,N,-3.156,7,2
512,V,P,-1.791,1.5,2
512,V,Q,-6.596,20,2
512,V,R,-5.534,16,2
512,V,S,-0.5511,11.5,2
512,V,T,-0.0485,1,1
512,V,V,0,,2
512,V,W,-7.101,35,2
512,V,Y,-7.053,16.5,2
513,L,-,-6.218,4.5,2
513,L,A,-1.303,13.5,2
513,L,C,-3.212,46.5,2
513,L,D,-5.529,19.5,2
513,L,E,-7.262,52.5,2
513,L,F,0.009531,19,2
513,L,G,-7.415,19,2
513,L,H,-5.007,26.5,2
513,L,I,-0.02221,24,2
513,L,K,-7.076,47.5,2
513,L,L,0,,2
513,L,M,-0.04379,91.5,2
513,L,N,-5.027,25,2
513,L,P,-7.019,34.5,2
513,L,Q,-6.278,51,2
513,L,R,-7.063,49.5,2
513,L,S,-5.34,28.5,2
513,L,T,-1.131,9,2
513,L,V,-0.2041,77,2
513,L,W,-1.215,43,2
513,L,Y,-1.75,21.5,2
514,S,*,0.01844,1,1
514,S,-,-0.02722,8.5,2
514,S,A,-0.0706,111.5,2
514,S,C,-0.1965,54,2
514,S,D,-0.222,87.5,2
514,S,E,-0.3931,36,2
514,S,F,-0.05221,22,2
514,S,G,-0.01932,56,2
514,S,H,0.002988,69,2
514,S,I,-0.0229,94.5,2
514,S,K,-0.09996,54.5,2
514,S,L,-0.07417,19,2
514,S,M,-0.1439,32.5,2
514,S,N,-0.005045,101,2
514,S,P,-4.398,66,2
514,S,Q,-0.1776,13,2
514,S,R,-0.2946,18.5,2
514,S,S,0,,2
514,S,T,0.007314,94,2
514,S,V,-0.08569,14.5,2
514,S,W,-0.03472,24.5,2
514,S,Y,-0.05649,100.5,2
515,F,A,-0.8272,43,2
515,F,C,-0.5719,15.5,2
515,F,D,-6.496,37.5,2
515,F,E,-5.659,27.5,2
515,F,F,0,,2
515,F,G,-0.9895,25,2
515,F,H,-1.064,22,2
515,F,I,-0.3934,30.5,2
515,F,K,-6.638,23.5,2
515,F,L,-0.0498,37.5,2
515,F,M,-0.01412,24,2
515,F,N,-4.453,19,2
515,F,P,-2.067,22.5,2
515,F,Q,-3.862,16,2
515,F,R,-4.935,17,2
515,F,S,-2.469,35.5,2
515,F,T,-0.4049,16,2
515,F,V,-0.2474,30,2
515,F,W,-0.2112,37.5,2
515,F,Y,-0.3299,16,2
516,E,*,-1.003,2.5,2
516,E,A,-0.07437,35.5,2
516,E,C,-0.2552,16.5,2
516,E,D,-0.02453,70.5,2
516,E,E,0,,2
516,E,F,-0.4829,56.5,2
516,E,G,-0.1658,23.5,2
516,E,H,-0.05113,17,2
516,E,I,-0.3027,43.5,2
516,E,K,-0.1187,64.5,2
516,E,L,-0.2505,21.5,2
516,E,M,-0.3533,35.5,2
516,E,N,-0.07327,53.5,2
516,E,P,-0.1561,16,2
516,E,Q,-0.000736,22.5,2
516,E,R,-0.1761,22.5,2
516,E,S,-0.02459,15.5,2
516,E,T,-0.07138,20,2
516,E,V,-0.1656,51,2
516,E,W,-1.7,14.5,2
516,E,Y,-0.5507,55,2
517,L,-,-0.03276,1,1
517,L,A,-0.03633,29,2
517,L,C,-0.1285,39.5,2
517,L,D,-0.02227,22.5,2
517,L,E,0.000674,82.5,2
517,L,F,0.007404,44.5,2
517,L,G,-0.1373,31.5,2
517,L,H,-0.03315,77,2
517,L,I,-0.008202,59.5,2
517,L,K,-6.079,101.5,2
517,L,L,0,,2
517,L,M,0.01056,142,2
517,L,N,0.01081,41.5,2
517,L,P,-0.07286,75.5,2
517,L,Q,0.000429,107.5,2
517,L,R,-4.306,56.5,2
517,L,S,0.002275,33,2
517,L,T,-0.002794,36,2
517,L,V,-0.02872,119,2
517,L,W,-0.03518,67.5,2
517,L,Y,-0.04745,50.5,2
518,L,*,-0.01026,1,1
518,L,-,-0.4301,2,2
518,L,A,0.0006045,39.5,2
518,L,C,-0.2432,38,2
518,L,D,0.0002545,69,2
518,L,E,-0.0313,32,2
518,L,F,-0.08032,88.5,2
518,L,G,-0.008465,15,2
518,L,H,-0.02584,81.5,2
518,L,I,-0.02014,135.5,2
518,L,K,-0.01034,30,2
518,L,L,0,,2
518,L,M,-0.01971,55,2
518,L,N,0.01598,55.5,2
518,L,P,-0.09853,118,2
518,L,Q,-0.01249,32,2
518,L,R,-0.07245,20,2
518,L,S,0.004162,63,2
518,L,T,-0.02132,79,2
518,L,V,-0.02497,38,2
518,L,W,0.009295,14.5,2
518,L,Y,-0.03026,71.5,2
519,H,-,0.01217,1,1
519,H,A,-0.00216,26.5,2
519,H,C,-0.1608,51,2
519,H,D,0.007951,56,2
519,H,E,0.006657,60,2
519,H,F,-0.09101,27.5,2
519,H,G,-0.004379,34,2
519,H,H,0,,2
519,H,I,-0.05306,59.5,2
519,H,K,-0.1292,65,2
519,H,L,-0.05693,71.5,2
519,H,M,-0.02445,41.5,2
519,H,N,-0.06098,63,2
519,H,P,-0.0435,68.5,2
519,H,Q,-0.002387,101,2
519,H,R,-0.07067,54,2
519,H,S,-0.02688,33,2
519,H,T,-0.01602,47,2
519,H,V,0.004313,21,2
519,H,W,-0.07501,45.5,2
519,H,Y,-0.03887,55,2
520,A,-,-0.131,1.5,2
520,A,A,0,,2
520,A,C,-0.592,55.5,2
520,A,D,-0.05294,103.5,2
520,A,E,-0.01767,37.5,2
520,A,F,-0.05357,59.5,2
520,A,G,0.007798,97,2
520,A,H,-0.0788,36,2
520,A,I,-0.1728,47,2
520,A,K,-5.094,23.5,2
520,A,L,-0.02997,35,2
520,A,M,-0.02717,32.5,2
520,A,N,-0.04774,47.5,2
520,A,P,-0.1435,92.5,2
520,A,Q,-0.0905,25.5,2
520,A,R,-2.718,24.5,2
520,A,S,-0.01237,89,2
520,A,T,-0.1036,87.5,2
520,A,V,-0.1201,66.5,2
520,A,W,0.002522,16.5,2
520,A,Y,-0.007215,32.5,2
521,P,-,-0.3669,1.5,2
521,P,A,0.01228,58,2
521,P,C,-0.1431,46.5,2
521,P,D,-0.05203,37,2
521,P,E,-0.0558,34.5,2
521,P,F,-0.1461,42.5,2
521,P,G,-0.008584,45.5,2
521,P,H,-0.03969,65,2
521,P,I,-0.1061,65.5,2
521,P,K,-0.007028,49.5,2
521,P,L,-0.09711,81,2
521,P,M,-0.03706,35.5,2
521,P,N,-0.2883,48,2
521,P,P,0,,2
521,P,Q,-0.006596,86.5,2
521,P,R,-0.01065,41,2
521,P,S,-0.04584,62.5,2
521,P,T,-0.008625,66,2
521,P,V,-0.0406,38,2
521,P,W,-0.187,31.5,2
521,P,Y,-0.04239,68.5,2
522,A,-,-0.006431,1,1
522,A,A,0,,2
522,A,C,-0.04296,62.5,2
522,A,D,-0.2499,103.5,2
522,A,E,-0.3104,65.5,2
522,A,F,0.0005215,62.5,2
522,A,G,-0.05132,57.5,2
522,A,H,-0.006541,3.5,2
522,A,I,-0.05572,51,2
522,A,K,-0.5869,38,2
522,A,L,-0.2237,25,2
522,A,M,-0.01994,27,2
522,A,N,-0.424,30,2
522,A,P,0.002259,27,2
522,A,Q,-0.6306,35,2
522,A,R,-0.1418,22,2
522,A,S,-0.0291,68,2
522,A,T,-0.202,63,2
522,A,V,-0.001273,62.5,2
522,A,W,-0.0797,28,2
522,A,Y,-0.005638,31.5,2
523,T,*,-0.01227,1,1
523,T,-,-0.006046,2,1
523,T,A,-0.04918,82,2
523,T,C,-0.5178,104.5,2
523,T,D,-0.06535,71,2
523,T,E,-0.08679,86,2
523,T,F,-0.1946,95.5,2
523,T,G,-0.06706,76.5,2
523,T,H,-0.1547,61.5,2
523,T,I,-0.3316,98.5,2
523,T,K,-0.537,68,2
523,T,L,-2.069,64.5,2
523,T,M,-0.03626,105.5,2
523,T,N,-0.08594,76.5,2
523,T,P,-0.1898,86,2
523,T,Q,-0.1053,66.5,2
523,T,R,-0.3263,72.5,2
523,T,S,-0.002155,83.5,2
523,T,T,0,,2
523,T,V,-0.1265,92.5,2
523,T,W,-0.1715,72,2
523,T,Y,-0.2387,91,2
524,V,-,-0.1167,1,1
524,V,A,-1.113,5,2
524,V,C,-1.473,4.5,2
524,V,D,-6.704,7,2
524,V,E,-5.654,56,2
524,V,F,0.005695,2,1
524,V,G,-4.53,6,2
524,V,H,-4.035,4,2
524,V,I,-2.425,2,1
524,V,K,-6.918,21.5,2
524,V,L,-3.284,25,2
524,V,M,-2.147,45,2
524,V,N,-0.2912,2.5,2
524,V,P,-0.3721,1,2
524,V,Q,-6.901,16,2
524,V,R,-7.116,16,2
524,V,S,-2.399,4.5,2
524,V,T,-0.08552,3,2
524,V,V,0,,2
524,V,W,-5.588,20,2
525,C,*,-0.08481,1,2
525,C,-,0.005223,1,1
525,C,A,-3.815,5.5,2
525,C,C,0,,2
525,C,D,-7.341,13,2
525,C,E,-6.931,12,2
525,C,F,-4.261,22.5,2
525,C,G,-6.065,15.5,2
525,C,H,-5.934,10.5,2
525,C,I,-0.4838,17.5,2
525,C,K,-7.01,34.5,2
525,C,L,-6.682,15.5,2
525,C,M,-7.29,28,2
525,C,N,-6.768,22,2
525,C,P,-3.495,3.5,2
525,C,Q,-7.013,10.5,2
525,C,R,-6.788,31,2
525,C,S,-6.219,25.5,2
525,C,T,-5.931,10.5,2
525,C,V,-1.228,11.5,2
525,C,W,-6.646,49.5,2
525,C,Y,-7.107,66,2
526,G,*,-4.696,4,2
526,G,-,-0.00849,1,1
526,G,A,-0.09657,30.5,2
526,G,C,-2.727,18,2
526,G,D,-7.218,49,2
526,G,E,-7.069,39,2
526,G,F,-5.536,29,2
526,G,G,0,,2
526,G,H,-4.03,28,2
526,G,I,-7.104,21.5,2
526,G,K,-7.187,30.5,2
526,G,L,-3.733,11,2
526,G,M,-7.083,25.5,2
526,G,N,-5.455,27,2
526,G,P,-0.1111,10.5,2
526,G,Q,-5.292,15.5,2
526,G,R,-7.112,55,2
526,G,S,-0.2433,32,2
526,G,T,-4.86,22,2
526,G,V,-5.861,33,2
526,G,W,-6.945,31.5,2
526,G,Y,-4.849,29,2
527,P,-,-4.08,2,1
527,P,A,-6.347,40,2
527,P,C,-1.239,20.5,2
527,P,D,-0.08482,40.5,2
527,P,E,-0.906,33.5,2
527,P,F,-6.22,27,2
527,P,G,-0.289,30.5,2
527,P,H,-6.655,63.5,2
527,P,I,-6.963,31,2
527,P,K,-0.8051,30.5,2
527,P,L,-6.832,82.5,2
527,P,M,-2.943,29,2
527,P,N,-0.01588,33.5,2
527,P,P,0,,2
527,P,Q,-0.9781,64.5,2
527,P,R,-4.351,35,2
527,P,S,-0.1807,37,2
527,P,T,-0.03566,72.5,2
527,P,V,-6.85,28.5,2
527,P,W,-7.161,25,2
527,P,Y,-5.532,32.5,2
528,K,A,0.01121,5.5,2
528,K,C,-0.07525,18,2
528,K,D,-3.848,15,2
528,K,E,-0.6381,76,2
528,K,F,-0.1361,39,2
528,K,G,-0.8737,11,2
528,K,H,-0.1963,6.5,2
528,K,I,-0.01605,57.5,2
528,K,K,0,,2
528,K,L,-0.02099,39,2
528,K,M,-0.03175,118,2
528,K,N,-0.5651,59,2
528,K,P,-4.344,7.5,2
528,K,Q,-0.02026,49,2
528,K,R,0.0005575,55,2
528,K,S,-0.02896,38.5,2
528,K,T,-0.05384,25.5,2
528,K,V,-0.00978,34.5,2
528,K,W,-0.1461,42,2
528,K,Y,-0.3178,59.5,2
529,K,A,-0.06406,16,2
529,K,C,-0.6473,29.5,2
529,K,D,-0.1485,17,2
529,K,E,-0.02445,107,2
529,K,F,-0.8968,33,2
529,K,G,-0.1903,26,2
529,K,H,-0.03277,24,2
529,K,I,-0.0396,42,2
529,K,K,0,,2
529,K,L,-0.05362,76,2
529,K,M,-0.05066,73.5,2
529,K,N,-0.1024,61,2
529,K,P,-0.1027,26.5,2
529,K,Q,-0.02516,76,2
529,K,R,-0.004392,102,2
529,K,S,-0.0743,39,2
529,K,T,0.006658,40,2
529,K,V,-0.03716,53.5,2
529,K,W,-4.246,40,2
529,K,Y,-4.154,48,2
530,S,A,-0.8959,39,2
530,S,C,-0.5494,67,2
530,S,D,-7.152,40.5,2
530,S,E,-7.091,35.5,2
530,S,F,-6.106,14,2
530,S,G,-0.09534,83.5,2
530,S,H,-0.8107,26.5,2
530,S,I,-0.1689,41.5,2
530,S,K,-1.75,46.5,2
530,S,L,-0.956,29,2
530,S,M,-0.8946,37,2
530,S,N,-0.09563,78.5,2
530,S,P,-0.2244,19,2
530,S,Q,-0.1338,38.5,2
530,S,R,-0.5941,71.5,2
530,S,S,0,,2
530,S,T,-0.05889,32.5,2
530,S,V,-0.05715,17.5,2
530,S,W,-3.576,34,2
530,S,Y,-4.551,26.5,2
531,T,A,-6.112,39,2
531,T,C,-7.133,20,2
531,T,D,-1.96,29,2
531,T,E,-7.149,17,2
531,T,F,-7.413,17,2
531,T,G,-3.63,25.5,2
531,T,H,-7.272,19.5,2
531,T,I,-6.596,45,2
531,T,K,-7.043,22.5,2
531,T,L,-7.068,8.5,2
531,T,M,-7.282,17.5,2
531,T,N,-0.4041,61,2
531,T,P,-7.072,35,2
531,T,Q,-5.034,7.5,2
531,T,R,-6.877,10.5,2
531,T,S,-0.1361,31,2
531,T,T,0,,2
531,T,V,-7.17,8.5,2
531,T,W,-6.547,9,2
531,T,Y,-7.012,37,2
